date,open,high,low,close,pc_ratio_oi,major_oi
2003-01-02,4408,4480,4385,4452,71.08,
2003-01-03,4530,4590,4528,4571,73.79,
2003-01-06,4590,4645,4560,4635,79.3,
2003-01-07,4690,4703,4636,4641,84.93,
2003-01-08,4646,4820,4641,4771,94.75,
2003-01-09,4756,4809,4755,4785,103.53,
2003-01-10,4859,4859,4792,4828,113.81,
2003-01-13,4840,5050,4840,5025,134.61,
2003-01-14,5039,5068,4990,5009,149.32,
2003-01-15,5150,5150,4965,5044,117.51,
2003-01-16,4998,5025,4935,4940,118.07,
2003-01-17,4930,4959,4902,4925,119.0,
2003-01-20,4895,4983,4885,4968,112.68,
2003-01-21,4959,5030,4931,4939,119.45,
2003-01-22,4920,5005,4910,5002,128.4,
2003-01-23,5000,5094,4992,5085,133.41,
2003-01-24,5100,5109,5051,5063,129.88,
2003-01-27,5036,5040,4940,4956,113.21,
2003-01-28,4927,5025,4927,5022,108.41,
2003-02-06,5008,5009,4761,4775,91.77,
2003-02-07,4760,4819,4630,4699,75.81,
2003-02-10,4676,4702,4620,4640,68.02,
2003-02-11,4650,4690,4622,4635,65.71,
2003-02-12,4626,4669,4559,4637,64.37,
2003-02-13,4602,4630,4482,4485,59.75,
2003-02-14,4485,4555,4471,4489,57.06,
2003-02-17,4579,4695,4565,4690,56.9,
2003-02-18,4680,4680,4607,4636,57.89,
2003-02-19,4673,4675,4529,4545,69.48,
2003-02-20,4530,4575,4505,4560,70.64,
2003-02-21,4575,4580,4512,4540,72.07,
2003-02-24,4575,4620,4516,4601,68.53,
2003-02-25,4550,4550,4432,4450,66.37,
2003-02-26,4470,4490,4442,4451,64.99,
2003-02-27,4427,4468,4361,4408,62.01,
2003-03-03,4450,4520,4435,4515,64.64,
2003-03-04,4472,4482,4437,4469,63.59,
2003-03-05,4382,4435,4372,4389,61.62,
2003-03-06,4419,4425,4384,4397,60.61,
2003-03-07,4350,4380,4323,4355,57.08,
2003-03-10,4374,4388,4312,4335,54.17,
2003-03-11,4270,4308,4232,4250,50.33,
2003-03-12,4240,4305,4240,4305,49.71,
2003-03-13,4293,4378,4265,4353,52.99,
2003-03-14,4498,4540,4475,4479,58.07,
2003-03-17,4448,4448,4313,4318,58.05,
2003-03-18,4490,4618,4450,4538,66.47,
2003-03-19,4559,4559,4483,4520,70.68,
2003-03-20,4550,4610,4457,4588,70.38,
2003-03-21,4582,4582,4542,4580,71.82,
2003-03-24,4648,4652,4540,4541,73.64,
2003-03-25,4456,4495,4452,4475,67.89,
2003-03-26,4502,4515,4461,4470,69.88,
2003-03-27,4451,4501,4445,4496,68.99,
2003-03-28,4496,4497,4445,4453,68.52,
2003-03-31,4420,4420,4265,4286,62.01,
2003-04-01,4266,4305,4260,4301,61.42,
2003-04-02,4299,4330,4251,4295,63.23,
2003-04-03,4380,4387,4320,4338,63.75,
2003-04-04,4310,4480,4295,4469,77.29,
2003-04-07,4469,4580,4460,4572,87.05,
2003-04-08,4508,4600,4484,4547,91.89,
2003-04-09,4530,4530,4492,4505,90.82,
2003-04-10,4490,4580,4481,4511,94.73,
2003-04-11,4530,4550,4491,4516,92.65,
2003-04-14,4520,4549,4428,4449,91.53,
2003-04-15,4484,4487,4445,4475,89.15,
2003-04-16,4511,4644,4511,4625,81.05,
2003-04-17,4556,4579,4542,4557,87.28,
2003-04-18,4628,4675,4610,4660,89.84,
2003-04-21,4650,4660,4612,4657,91.7,
2003-04-22,4638,4638,4560,4571,88.39,
2003-04-23,4614,4619,4551,4570,84.16,
2003-04-24,4590,4590,4313,4356,75.88,
2003-04-25,4330,4348,4211,4211,63.83,
2003-04-28,4150,4178,4056,4125,55.1,
2003-04-29,4180,4205,4111,4195,58.4,
2003-04-30,4208,4258,4106,4135,57.59,
2003-05-02,4105,4214,4101,4189,56.54,
2003-05-05,4225,4228,4135,4190,57.6,
2003-05-06,4200,4239,4180,4185,60.27,
2003-05-07,4198,4250,4187,4245,64.4,
2003-05-08,4230,4240,4157,4165,64.85,
2003-05-09,4149,4260,4148,4224,66.65,
2003-05-12,4224,4285,4205,4245,70.79,
2003-05-13,4295,4341,4288,4316,75.18,
2003-05-14,4316,4338,4291,4338,76.22,
2003-05-15,4316,4325,4275,4324,76.69,
2003-05-16,4335,4368,4260,4260,76.86,
2003-05-19,4250,4255,4215,4239,76.29,
2003-05-20,4187,4246,4172,4226,74.29,
2003-05-21,4230,4250,4210,4240,100.31,
2003-05-22,4200,4245,4165,4241,104.98,
2003-05-23,4270,4344,4258,4340,108.15,
2003-05-26,4358,4447,4340,4444,111.08,
2003-05-27,4450,4460,4415,4434,113.83,
2003-05-28,4550,4568,4465,4485,116.62,
2003-05-29,4487,4497,4445,4453,121.26,
2003-05-30,4473,4608,4456,4510,139.12,
2003-06-02,4570,4670,4559,4665,153.97,
2003-06-03,4659,4665,4616,4658,154.52,
2003-06-05,4720,4748,4690,4725,152.98,
2003-06-06,4740,4740,4677,4732,151.7,
2003-06-09,4699,4811,4680,4800,166.18,
2003-06-10,4760,4833,4760,4821,167.1,
2003-06-11,4832,4849,4781,4795,165.47,
2003-06-12,4817,4928,4811,4881,184.41,
2003-06-13,4890,4903,4856,4890,184.71,
2003-06-16,4867,4935,4867,4903,190.09,
2003-06-17,5000,5037,4960,5037,212.37,
2003-06-18,5050,5125,5010,5015,118.73,
2003-06-19,5020,5069,4972,5069,118.65,
2003-06-20,5033,5060,4992,5019,109.5,
2003-06-23,4998,5024,4925,4925,101.69,
2003-06-24,4882,4915,4856,4906,94.04,
2003-06-25,4901,4949,4875,4940,91.37,
2003-06-26,4920,4929,4880,4885,88.72,
2003-06-27,4925,4944,4826,4861,84.45,
2003-06-30,4850,4889,4833,4885,83.1,
2003-07-01,4874,5047,4870,5038,87.76,
2003-07-02,5081,5158,5060,5140,98.03,
2003-07-03,5198,5215,5114,5122,108.19,
2003-07-04,5120,5196,5100,5191,110.2,
2003-07-07,5230,5372,5213,5370,132.32,
2003-07-08,5429,5430,5340,5382,124.0,
2003-07-09,5375,5400,5350,5375,116.97,
2003-07-10,5356,5396,5249,5250,111.09,
2003-07-11,5204,5270,5172,5265,105.56,
2003-07-14,5258,5432,5255,5412,113.02,
2003-07-15,5420,5430,5320,5328,117.71,
2003-07-16,5348,5440,5331,5429,94.86,
2003-07-17,5378,5390,5250,5251,92.6,
2003-07-18,5250,5295,5221,5255,91.08,
2003-07-21,5294,5315,5200,5239,80.8,
2003-07-22,5235,5300,5210,5293,73.81,
2003-07-23,5315,5346,5281,5307,70.11,
2003-07-24,5318,5415,5315,5415,75.34,
2003-07-25,5388,5413,5365,5384,76.7,
2003-07-28,5449,5498,5435,5475,86.06,
2003-07-29,5474,5474,5338,5355,79.81,
2003-07-30,5340,5375,5285,5308,73.48,
2003-07-31,5308,5337,5265,5330,69.46,
2003-08-01,5352,5405,5352,5390,69.78,
2003-08-04,5358,5378,5340,5370,69.22,
2003-08-05,5381,5409,5255,5269,63.72,
2003-08-06,5209,5245,5207,5242,59.13,
2003-08-07,5255,5295,5188,5281,57.82,
2003-08-08,5273,5297,5206,5206,60.22,
2003-08-11,5200,5251,5167,5251,60.35,
2003-08-12,5263,5279,5241,5265,59.12,
2003-08-13,5305,5478,5300,5471,76.78,
2003-08-14,5456,5490,5420,5466,84.21,
2003-08-15,5488,5560,5461,5490,96.8,
2003-08-18,5535,5552,5471,5539,103.95,
2003-08-19,5665,5673,5520,5555,114.59,
2003-08-20,5544,5574,5520,5520,91.21,
2003-08-21,5530,5637,5502,5611,114.87,
2003-08-22,5626,5684,5612,5613,118.65,
2003-08-25,5611,5674,5585,5665,122.94,
2003-08-26,5637,5638,5544,5580,108.12,
2003-08-27,5582,5605,5548,5548,103.6,
2003-08-28,5570,5594,5521,5548,98.22,
2003-08-29,5578,5675,5571,5668,106.78,
2003-09-01,5675,5730,5663,5717,120.24,
2003-09-02,5738,5759,5683,5755,127.69,
2003-09-03,5793,5795,5670,5675,124.81,
2003-09-04,5685,5698,5635,5654,120.66,
2003-09-05,5678,5719,5636,5683,106.67,
2003-09-08,5660,5775,5636,5753,116.38,
2003-09-09,5798,5805,5680,5709,119.52,
2003-09-10,5685,5690,5612,5652,104.74,
2003-09-12,5648,5685,5621,5666,100.74,
2003-09-15,5670,5680,5635,5652,101.62,
2003-09-16,5639,5723,5638,5716,106.81,
2003-09-17,5763,5770,5730,5761,83.54,
2003-09-18,5740,5765,5690,5759,91.74,
2003-09-19,5788,5796,5725,5749,95.21,
2003-09-22,5718,5730,5690,5695,94.32,
2003-09-23,5670,5719,5666,5714,92.86,
2003-09-24,5726,5745,5685,5745,91.13,
2003-09-25,5671,5704,5651,5688,91.71,
2003-09-26,5671,5710,5670,5687,92.99,
2003-09-29,5673,5690,5663,5665,92.77,
2003-09-30,5688,5690,5641,5641,90.46,
2003-10-01,5627,5648,5596,5630,86.17,
2003-10-02,5663,5725,5654,5720,86.07,
2003-10-03,5715,5745,5703,5742,90.46,
2003-10-06,5773,5847,5768,5829,109.8,
2003-10-07,5849,5855,5825,5855,116.07,
2003-10-08,5860,5860,5818,5834,114.41,
2003-10-09,5825,5899,5825,5894,119.28,
2003-10-13,5935,6028,5875,6028,145.16,
2003-10-14,6053,6053,5963,5979,155.39,
2003-10-15,6009,6009,5945,5950,132.81,
2003-10-16,5984,6088,5955,6060,137.5,
2003-10-17,6065,6085,6050,6080,121.62,
2003-10-20,6060,6115,6041,6072,116.75,
2003-10-21,6090,6112,6000,6074,116.09,
2003-10-22,6056,6082,6021,6051,112.95,
2003-10-23,5999,6000,5945,5945,111.19,
2003-10-24,5960,5980,5938,5958,108.99,
2003-10-27,5969,6000,5965,6000,104.74,
2003-10-28,6007,6132,5991,6130,114.63,
2003-10-29,6172,6190,6133,6160,130.68,
2003-10-30,6160,6169,6106,6134,133.26,
2003-10-31,6136,6142,6055,6068,126.1,
2003-11-03,6068,6150,6058,6150,121.54,
2003-11-04,6180,6185,6121,6144,124.23,
2003-11-05,6119,6188,6114,6165,124.2,
2003-11-06,6165,6185,5911,5975,116.7,
2003-11-07,6010,6065,5990,6059,112.98,
2003-11-10,6040,6085,6012,6049,110.94,
2003-11-11,6030,6047,5993,6040,104.93,
2003-11-12,6035,6060,6007,6009,100.68,
2003-11-13,6063,6083,6046,6072,100.27,
2003-11-14,6072,6076,6035,6058,106.94,
2003-11-17,6003,6020,5960,5978,103.72,
2003-11-18,5965,5990,5938,5985,101.47,
2003-11-19,5930,5930,5836,5865,110.71,
2003-11-20,5923,5930,5883,5898,101.19,
2003-11-21,5850,5875,5812,5862,95.85,
2003-11-24,5870,5870,5837,5850,93.05,
2003-11-25,5910,5934,5884,5888,92.68,
2003-11-26,5899,5910,5880,5904,92.03,
2003-11-27,5891,5904,5800,5818,89.96,
2003-11-28,5830,5859,5790,5808,90.57,
2003-12-01,5792,5915,5773,5914,90.2,
2003-12-02,5935,5945,5905,5930,91.89,
2003-12-03,5920,5939,5891,5908,94.06,
2003-12-04,5895,5935,5885,5934,96.33,
2003-12-05,5925,5930,5893,5904,94.65,
2003-12-08,5880,5881,5835,5847,92.31,
2003-12-09,5871,5885,5840,5873,91.15,
2003-12-10,5815,5835,5802,5830,87.05,
2003-12-11,5840,5890,5834,5890,87.38,
2003-12-12,5918,5931,5882,5885,91.1,
2003-12-15,5932,5968,5905,5968,93.71,
2003-12-16,5900,5918,5878,5901,96.05,
2003-12-17,5920,5920,5701,5750,106.67,
2003-12-18,5800,5810,5762,5780,101.11,
2003-12-19,5810,5827,5750,5800,101.01,
2003-12-22,5810,5862,5795,5838,99.68,
2003-12-23,5848,5855,5825,5838,98.62,
2003-12-24,5838,5899,5838,5864,101.29,
2003-12-25,5860,5890,5845,5860,99.0,
2003-12-26,5855,5885,5836,5867,97.66,
2003-12-29,5870,5888,5828,5836,96.74,
2003-12-30,5870,5908,5848,5890,94.07,
2003-12-31,5897,5916,5882,5903,93.58,
2004-01-02,5910,6070,5900,6056,106.88,
2004-01-05,6076,6155,6065,6144,115.86,
2004-01-06,6172,6180,6131,6160,116.65,
2004-01-07,6160,6250,6156,6174,119.86,
2004-01-08,6195,6222,6172,6211,121.98,
2004-01-09,6256,6298,6246,6270,128.07,
2004-01-12,6260,6280,6241,6275,126.07,
2004-01-13,6293,6296,6222,6254,131.15,
2004-01-14,6245,6346,6226,6325,133.44,
2004-01-15,6312,6335,6290,6300,134.89,
2004-01-16,6325,6345,6285,6285,137.65,
2004-01-27,6297,6388,6297,6370,130.68,
2004-01-28,6366,6396,6353,6367,129.41,
2004-01-29,6345,6345,6306,6331,131.39,
2004-01-30,6325,6384,6325,6381,127.11,
2004-02-02,6370,6381,6325,6330,125.16,
2004-02-03,6315,6315,6230,6259,118.41,
2004-02-04,6246,6278,6235,6235,112.68,
2004-02-05,6211,6311,6210,6285,110.65,
2004-02-06,6293,6380,6261,6365,119.21,
2004-02-09,6406,6474,6401,6470,137.56,
2004-02-10,6480,6487,6436,6475,143.02,
2004-02-11,6484,6487,6440,6458,144.61,
2004-02-12,6480,6599,6371,6440,155.8,
2004-02-13,6425,6572,6420,6565,173.34,
2004-02-16,6560,6590,6501,6571,174.97,
2004-02-17,6572,6620,6554,6615,187.9,
2004-02-18,6636,6653,6590,6615,166.21,
2004-02-19,6640,6720,6635,6716,158.08,
2004-02-20,6690,6714,6675,6696,156.49,
2004-02-23,6700,6710,6636,6703,161.58,
2004-02-24,6663,6693,6636,6643,155.37,
2004-02-25,6650,6707,6643,6685,154.61,
2004-02-26,6700,6745,6700,6735,163.28,
2004-02-27,6745,6808,6725,6802,175.13,
2004-03-01,6849,6975,6830,6968,199.22,
2004-03-02,6998,7075,6976,7055,198.28,
2004-03-03,7075,7080,7011,7012,183.11,
2004-03-04,7020,7199,7020,7150,179.44,
2004-03-05,7198,7248,7056,7075,156.95,
2004-03-08,7103,7134,6964,6979,142.3,
2004-03-09,6950,7057,6920,7051,132.19,
2004-03-10,7027,7050,6905,6930,122.46,
2004-03-11,6870,6965,6840,6922,117.3,
2004-03-12,6800,6859,6778,6807,116.59,
2004-03-15,6868,6910,6520,6563,114.03,
2004-03-16,6450,6633,6450,6555,109.73,
2004-03-17,6535,6634,6526,6565,150.26,
2004-03-18,6669,6845,6650,6845,135.85,
2004-03-19,6840,6870,6780,6830,137.57,
2004-03-22,6352,6352,6352,6352,123.85,
2004-03-23,5908,6220,5908,6055,84.65,
2004-03-24,6113,6210,6065,6180,73.41,
2004-03-25,6188,6200,6115,6135,70.19,
2004-03-26,6198,6210,6074,6125,67.85,
2004-03-29,6278,6487,6230,6471,67.92,
2004-03-30,6470,6498,6435,6487,69.99,
2004-03-31,6497,6537,6425,6480,71.52,
2004-04-01,6461,6487,6410,6471,72.44,
2004-04-02,6485,6524,6473,6493,72.28,
2004-04-05,6545,6708,6530,6692,76.55,
2004-04-06,6750,6750,6651,6660,79.44,
2004-04-07,6655,6673,6635,6665,79.12,
2004-04-08,6666,6688,6653,6681,81.75,
2004-04-09,6660,6660,6581,6625,81.6,
2004-04-12,6625,6815,6625,6800,94.22,
2004-04-13,6802,6830,6776,6823,96.81,
2004-04-14,6773,6925,6770,6920,105.38,
2004-04-15,6910,6925,6725,6749,102.54,
2004-04-16,6740,6864,6735,6828,105.38,
2004-04-19,6838,6853,6751,6809,104.66,
2004-04-20,6824,6895,6815,6839,105.69,
2004-04-21,6820,6848,6809,6824,121.18,
2004-04-22,6870,6920,6680,6718,108.0,
2004-04-23,6768,6780,6702,6750,99.86,
2004-04-26,6758,6767,6710,6720,98.51,
2004-04-27,6715,6730,6610,6680,93.12,
2004-04-28,6660,6684,6590,6605,87.32,
2004-04-29,6551,6560,6325,6399,77.25,
2004-04-30,6360,6370,5955,6020,64.57,
2004-05-03,6020,6120,5958,6017,58.56,
2004-05-04,6107,6166,6053,6133,60.33,
2004-05-05,6148,6150,5720,5725,60.8,
2004-05-06,5780,5970,5750,5849,59.17,
2004-05-07,5805,5996,5801,5979,61.02,
2004-05-10,5920,5928,5706,5751,58.94,
2004-05-11,5780,5880,5656,5858,57.77,
2004-05-12,5925,6000,5913,5942,62.26,
2004-05-13,5926,5949,5857,5890,61.21,
2004-05-14,5921,5945,5722,5745,59.81,
2004-05-17,5656,5680,5343,5358,48.75,
2004-05-18,5398,5560,5380,5523,48.66,
2004-05-19,5540,5904,5538,5891,95.89,
2004-05-20,5790,5880,5601,5685,85.24,
2004-05-21,5745,5912,5660,5840,90.63,
2004-05-24,5845,5970,5762,5871,91.5,
2004-05-25,5795,5920,5780,5841,92.37,
2004-05-26,5988,6075,5950,5990,93.29,
2004-05-27,6018,6028,5945,6001,95.15,
2004-05-28,6058,6070,5990,6043,100.15,
2004-05-31,6030,6039,5885,5928,99.36,
2004-06-01,5938,5950,5811,5906,95.98,
2004-06-02,5870,5874,5750,5790,94.88,
2004-06-03,5825,5844,5552,5580,88.58,
2004-06-04,5600,5640,5526,5607,86.01,
2004-06-07,5677,5910,5673,5890,89.5,
2004-06-08,5960,5988,5860,5981,94.3,
2004-06-09,5960,5998,5923,5960,98.92,
2004-06-10,5911,5920,5764,5840,98.75,
2004-06-11,5800,5809,5673,5715,94.65,
2004-06-14,5696,5782,5508,5540,90.1,
2004-06-15,5492,5645,5450,5604,87.89,
2004-06-16,5668,5739,5504,5560,124.73,
2004-06-17,5450,5658,5429,5607,101.61,
2004-06-18,5585,5588,5431,5463,97.07,
2004-06-21,5600,5638,5455,5538,96.0,
2004-06-23,5565,5710,5550,5660,93.65,
2004-06-24,5720,5734,5656,5712,94.88,
2004-06-25,5697,5770,5670,5735,96.64,
2004-06-28,5720,5749,5591,5615,93.99,
2004-06-29,5593,5650,5555,5644,92.51,
2004-06-30,5670,5796,5668,5750,94.08,
2004-07-01,5800,5800,5720,5765,98.0,
2004-07-02,5650,5660,5515,5655,97.31,
2004-07-05,5599,5610,5541,5597,96.28,
2004-07-06,5628,5675,5570,5667,96.3,
2004-07-07,5565,5684,5530,5650,98.66,
2004-07-08,5641,5775,5601,5634,99.09,
2004-07-09,5630,5724,5590,5707,99.62,
2004-07-12,5740,5762,5692,5707,96.75,
2004-07-13,5690,5698,5655,5661,95.6,
2004-07-14,5651,5680,5600,5608,96.28,
2004-07-15,5608,5620,5488,5550,88.62,
2004-07-16,5520,5579,5492,5505,87.06,
2004-07-19,5495,5540,5430,5511,84.46,
2004-07-20,5480,5487,5265,5300,74.13,
2004-07-21,5360,5425,5351,5418,81.1,
2004-07-22,5241,5305,5210,5291,78.14,
2004-07-23,5310,5340,5275,5285,75.35,
2004-07-26,5231,5275,5222,5275,74.33,
2004-07-27,5270,5392,5220,5353,73.14,
2004-07-28,5400,5403,5341,5360,76.15,
2004-07-29,5360,5360,5285,5297,75.81,
2004-07-30,5343,5400,5337,5356,77.49,
2004-08-02,5331,5331,5257,5280,78.36,
2004-08-03,5298,5318,5267,5282,80.67,
2004-08-04,5240,5265,5215,5254,78.9,
2004-08-05,5266,5410,5216,5399,80.06,
2004-08-06,5333,5410,5330,5369,82.45,
2004-08-09,5309,5386,5271,5380,82.29,
2004-08-10,5380,5390,5341,5364,84.99,
2004-08-11,5403,5408,5295,5325,81.74,
2004-08-12,5310,5348,5300,5348,81.05,
2004-08-13,5303,5392,5295,5356,79.87,
2004-08-16,5346,5350,5320,5331,79.48,
2004-08-17,5377,5380,5316,5339,78.07,
2004-08-18,5335,5423,5298,5423,76.03,
2004-08-19,5420,5546,5415,5528,83.62,
2004-08-20,5530,5625,5520,5583,92.18,
2004-08-23,5620,5630,5577,5606,99.34,
2004-08-26,5700,5815,5685,5783,110.26,
2004-08-27,5800,5818,5760,5810,107.21,
2004-08-30,5810,5825,5780,5785,102.98,
2004-08-31,5760,5876,5740,5763,100.82,
2004-09-01,5781,5868,5781,5856,106.6,
2004-09-02,5860,5864,5793,5840,108.7,
2004-09-03,5851,5869,5749,5762,108.04,
2004-09-06,5740,5785,5715,5780,105.5,
2004-09-07,5777,5840,5760,5840,109.6,
2004-09-08,5850,5878,5813,5828,113.28,
2004-09-09,5817,5853,5790,5843,115.7,
2004-09-10,5843,5875,5816,5841,118.67,
2004-09-13,5880,5939,5880,5930,128.2,
2004-09-14,5952,5956,5925,5935,132.95,
2004-09-15,5933,5933,5875,5879,110.82,
2004-09-16,5849,5887,5816,5868,105.51,
2004-09-17,5870,5873,5797,5797,105.5,
2004-09-20,5810,5875,5808,5840,101.58,
2004-09-21,5855,5945,5855,5945,101.47,
2004-09-22,5946,5959,5920,5936,102.89,
2004-09-23,5890,5933,5883,5917,104.54,
2004-09-24,5907,5928,5866,5888,100.73,
2004-09-27,5866,5890,5848,5870,95.24,
2004-09-29,5870,5897,5847,5857,90.76,
2004-09-30,5886,5915,5863,5889,87.59,
2004-10-01,5900,5955,5873,5947,88.26,
2004-10-04,6024,6115,6021,6105,99.64,
2004-10-05,6103,6129,6091,6123,100.51,
2004-10-06,6117,6175,6076,6088,103.97,
2004-10-07,6115,6142,6096,6134,107.36,
2004-10-08,6110,6140,6103,6135,108.79,
2004-10-11,6116,6133,6065,6118,102.85,
2004-10-12,6095,6099,5980,5991,98.6,
2004-10-13,6022,6033,5985,5994,96.18,
2004-10-14,5958,5960,5830,5850,85.78,
2004-10-15,5780,5869,5770,5816,79.18,
2004-10-18,5820,5858,5779,5779,73.83,
2004-10-19,5820,5855,5794,5837,69.61,
2004-10-20,5782,5808,5731,5775,66.36,
2004-10-21,5800,5838,5778,5779,63.92,
2004-10-22,5820,5830,5778,5796,62.34,
2004-10-26,5730,5731,5635,5660,58.83,
2004-10-27,5689,5690,5600,5616,57.32,
2004-10-28,5699,5730,5680,5729,57.06,
2004-10-29,5696,5726,5685,5691,58.39,
2004-11-01,5701,5724,5606,5617,56.49,
2004-11-02,5641,5765,5631,5751,59.95,
2004-11-03,5741,5853,5732,5830,64.34,
2004-11-04,5830,5868,5810,5836,68.0,
2004-11-05,5924,5960,5901,5920,75.41,
2004-11-08,5938,5938,5902,5909,75.3,
2004-11-09,5930,5955,5890,5943,78.04,
2004-11-10,5969,5988,5905,5960,77.98,
2004-11-11,5947,5949,5868,5868,76.05,
2004-11-12,5910,5965,5901,5935,79.11,
2004-11-15,5980,6009,5930,5941,78.69,
2004-11-16,5941,5959,5915,5929,78.4,
2004-11-17,5925,6043,5911,6040,68.46,
2004-11-18,6095,6110,6061,6072,67.54,
2004-11-19,6099,6100,6047,6056,67.52,
2004-11-22,5996,5998,5830,5835,62.64,
2004-11-23,5850,5870,5790,5842,63.68,
2004-11-24,5842,5915,5840,5905,64.53,
2004-11-25,5928,5930,5849,5870,65.07,
2004-11-26,5890,5962,5740,5740,62.33,
2004-11-29,5777,5810,5758,5810,61.0,
2004-11-30,5781,5828,5706,5809,59.27,
2004-12-01,5748,5800,5641,5770,60.27,
2004-12-02,5868,5880,5823,5855,64.15,
2004-12-03,5880,5901,5842,5880,67.42,
2004-12-06,5850,5905,5835,5883,69.47,
2004-12-07,5879,5904,5864,5890,70.5,
2004-12-08,5863,5898,5860,5880,70.74,
2004-12-09,5880,5906,5872,5880,70.77,
2004-12-10,5898,5900,5843,5850,70.68,
2004-12-13,5855,6006,5775,5871,70.5,
2004-12-14,5899,5917,5852,5901,71.36,
2004-12-15,5935,6030,5921,6017,90.38,
2004-12-16,6015,6030,5995,6020,91.38,
2004-12-17,6011,6028,6000,6019,99.09,
2004-12-20,5966,5990,5927,5962,99.28,
2004-12-21,5969,5989,5962,5978,99.08,
2004-12-22,6015,6067,6006,6025,96.03,
2004-12-23,6030,6036,5970,6002,94.65,
2004-12-24,6015,6053,5986,6032,91.8,
2004-12-27,6031,6042,5995,6016,91.0,
2004-12-28,6015,6044,6010,6020,89.82,
2004-12-29,6053,6120,6051,6118,87.84,
2004-12-30,6128,6131,6105,6115,91.09,
2004-12-31,6110,6190,6107,6188,89.18,
2005-01-03,6190,6192,6156,6174,88.9,
2005-01-04,6145,6160,6066,6080,87.34,
2005-01-05,6023,6029,6000,6013,83.24,
2005-01-06,6013,6023,5996,6017,81.36,
2005-01-07,6030,6037,5952,5965,78.88,
2005-01-10,5970,5990,5962,5987,75.22,
2005-01-11,5996,6023,5970,6003,73.45,
2005-01-12,5983,5993,5871,5901,71.29,
2005-01-13,5910,5926,5832,5880,66.25,
2005-01-14,5815,5918,5814,5893,64.89,
2005-01-17,5935,5985,5932,5954,64.96,
2005-01-18,5979,5979,5931,5945,65.2,
2005-01-19,5961,5976,5882,5885,73.43,
2005-01-20,5876,5925,5856,5879,68.71,
2005-01-21,5875,5895,5838,5869,67.92,
2005-01-24,5865,5875,5772,5805,65.26,
2005-01-25,5780,5819,5749,5810,63.51,
2005-01-26,5848,5853,5814,5840,63.73,
2005-01-27,5850,5852,5820,5834,64.83,
2005-01-28,5816,5890,5816,5874,64.35,
2005-01-31,5879,6003,5876,5982,69.66,
2005-02-01,5990,6008,5970,5980,71.52,
2005-02-02,5990,6065,5985,6023,79.24,
2005-02-03,6045,6048,6017,6045,80.86,
2005-02-14,6178,6200,6122,6129,88.42,
2005-02-15,6129,6149,6107,6123,93.39,
2005-02-16,6140,6146,6070,6128,87.11,
2005-02-17,6115,6137,6066,6078,85.13,
2005-02-18,6053,6128,6053,6120,83.56,
2005-02-21,6139,6166,6130,6144,85.1,
2005-02-22,6143,6150,6094,6097,88.66,
2005-02-23,6050,6127,6040,6114,87.79,
2005-02-24,6114,6160,6093,6120,98.69,
2005-02-25,6160,6226,6156,6219,97.22,
2005-03-01,6226,6252,6208,6250,103.49,
2005-03-02,6270,6270,6193,6200,106.87,
2005-03-03,6195,6220,6161,6204,102.78,
2005-03-04,6192,6218,6175,6198,100.84,
2005-03-07,6230,6259,6221,6231,97.55,
2005-03-08,6222,6250,6140,6155,97.43,
2005-03-09,6151,6201,6146,6198,99.4,
2005-03-10,6180,6188,6144,6167,100.25,
2005-03-11,6199,6235,6175,6207,102.91,
2005-03-14,6178,6199,6153,6160,103.13,
2005-03-15,6155,6178,6035,6076,96.38,
2005-03-16,6060,6085,6046,6068,85.91,
2005-03-17,6010,6035,5996,6015,83.43,
2005-03-18,6036,6043,6006,6027,78.95,
2005-03-21,6026,6051,6020,6040,79.31,
2005-03-22,6027,6033,5980,6008,81.29,
2005-03-23,5981,6012,5970,6010,80.68,
2005-03-24,6010,6033,6000,6012,82.56,
2005-03-25,6013,6050,6003,6050,83.93,
2005-03-28,6053,6075,6031,6054,84.14,
2005-03-29,6035,6040,5970,5973,89.69,
2005-03-30,5970,5986,5951,5975,86.39,
2005-03-31,6014,6019,5998,6010,84.86,
2005-04-01,6002,6045,5975,6045,84.34,
2005-04-04,6028,6045,6015,6025,84.33,
2005-04-06,6035,6039,6001,6011,84.1,
2005-04-07,6015,6030,5975,5985,83.5,
2005-04-08,6009,6015,5997,6010,82.21,
2005-04-11,5989,6000,5970,5980,83.63,
2005-04-12,5974,6002,5968,5990,83.46,
2005-04-13,6007,6013,5988,6007,82.88,
2005-04-14,5970,5985,5960,5975,84.13,
2005-04-15,5935,5936,5870,5892,78.83,
2005-04-18,5792,5820,5660,5707,69.43,
2005-04-19,5712,5778,5712,5754,67.67,
2005-04-20,5761,5797,5671,5701,91.6,
2005-04-21,5635,5705,5602,5688,96.49,
2005-04-22,5750,5766,5709,5725,94.46,
2005-04-25,5719,5735,5701,5728,94.28,
2005-04-26,5741,5775,5718,5765,96.93,
2005-04-27,5744,5767,5737,5745,95.71,
2005-04-28,5742,5793,5712,5780,93.84,
2005-04-29,5751,5770,5743,5770,93.95,
2005-05-03,5800,5843,5793,5800,96.63,
2005-05-04,5823,5825,5785,5806,94.64,
2005-05-05,5858,5940,5845,5902,107.29,
2005-05-06,5905,5949,5895,5948,112.79,
2005-05-09,5942,5948,5925,5947,118.36,
2005-05-10,5948,5955,5918,5925,118.59,
2005-05-11,5899,5910,5881,5898,115.21,
2005-05-12,5905,5929,5890,5929,111.75,
2005-05-13,5901,6010,5901,5986,119.09,
2005-05-16,5992,6019,5925,5931,116.09,
2005-05-17,5960,5965,5861,5877,105.53,
2005-05-18,5898,5913,5880,5880,87.09,
2005-05-19,5929,5972,5927,5947,80.95,
2005-05-20,5960,5962,5920,5920,81.74,
2005-05-23,5920,5928,5858,5878,78.8,
2005-05-24,5880,5894,5870,5875,79.14,
2005-05-25,5885,5927,5825,5849,78.66,
2005-05-26,5855,5905,5841,5899,78.06,
2005-05-27,5927,5960,5921,5950,77.87,
2005-05-30,5968,5970,5930,5952,77.78,
2005-05-31,5944,5964,5915,5943,79.67,
2005-06-01,5931,5957,5906,5935,79.17,
2005-06-02,5955,6005,5954,5973,83.44,
2005-06-03,5978,6056,5975,6038,91.39,
2005-06-06,6021,6070,6015,6069,103.03,
2005-06-07,6069,6078,6037,6060,105.37,
2005-06-08,6051,6149,6051,6131,111.52,
2005-06-09,6132,6162,6112,6125,113.39,
2005-06-10,6146,6187,6118,6175,116.98,
2005-06-13,6175,6249,6155,6240,125.8,
2005-06-14,6248,6269,6219,6221,131.83,
2005-06-15,6221,6287,6220,6266,90.22,
2005-06-16,6151,6195,6131,6180,94.43,
2005-06-17,6190,6255,6170,6189,89.82,
2005-06-20,6185,6208,6170,6188,86.65,
2005-06-21,6188,6205,6170,6197,91.87,
2005-06-22,6200,6345,6199,6330,103.97,
2005-06-23,6343,6356,6325,6350,102.81,
2005-06-24,6305,6325,6275,6297,99.86,
2005-06-27,6255,6272,6230,6257,95.82,
2005-06-28,6253,6289,6252,6284,93.15,
2005-06-29,6344,6349,6165,6199,86.31,
2005-06-30,6198,6227,6185,6199,83.04,
2005-07-01,6180,6228,6126,6227,78.92,
2005-07-04,6225,6242,6180,6211,78.32,
2005-07-05,6200,6218,6161,6163,78.05,
2005-07-06,6190,6205,6156,6182,78.04,
2005-07-07,6161,6178,6139,6166,75.54,
2005-07-08,6166,6204,6158,6181,75.02,
2005-07-11,6246,6307,6233,6302,81.24,
2005-07-12,6340,6350,6320,6340,86.98,
2005-07-13,6340,6408,6331,6376,90.52,
2005-07-14,6398,6438,6381,6435,96.19,
2005-07-15,6450,6453,6411,6411,97.06,
2005-07-19,6400,6434,6385,6430,97.45,
2005-07-20,6430,6478,6401,6413,72.56,
2005-07-21,6415,6450,6335,6365,68.08,
2005-07-22,6345,6365,6326,6342,68.21,
2005-07-25,6359,6406,6352,6406,67.51,
2005-07-26,6389,6405,6322,6330,68.15,
2005-07-27,6333,6342,6288,6310,67.35,
2005-07-28,6320,6350,6304,6350,68.29,
2005-07-29,6360,6390,6277,6277,68.15,
2005-08-01,6265,6300,6265,6297,68.02,
2005-08-02,6310,6340,6277,6340,66.63,
2005-08-03,6365,6455,6365,6431,68.7,
2005-08-04,6446,6465,6420,6445,69.09,
2005-08-08,6395,6395,6355,6370,67.31,
2005-08-09,6360,6394,6355,6394,66.82,
2005-08-10,6419,6425,6340,6345,65.91,
2005-08-11,6345,6389,6339,6389,65.29,
2005-08-12,6398,6410,6351,6352,66.09,
2005-08-15,6342,6342,6220,6240,59.24,
2005-08-16,6260,6260,6184,6235,56.58,
2005-08-17,6181,6250,6170,6220,77.31,
2005-08-18,6226,6246,6185,6190,73.94,
2005-08-19,6185,6188,6136,6164,67.21,
2005-08-22,6176,6217,6176,6215,66.27,
2005-08-23,6220,6220,6182,6185,65.76,
2005-08-24,6166,6175,6141,6147,62.07,
2005-08-25,6120,6168,6105,6126,63.16,
2005-08-26,6147,6159,6131,6150,69.43,
2005-08-29,6129,6129,6033,6046,65.7,
2005-08-30,6074,6094,6041,6055,64.25,
2005-08-31,6042,6085,5984,6050,61.94,
2005-09-02,6087,6120,6082,6119,63.06,
2005-09-05,6117,6125,6097,6108,64.2,
2005-09-06,6125,6156,6125,6150,65.66,
2005-09-07,6181,6190,6131,6164,67.83,
2005-09-08,6172,6172,6138,6154,69.34,
2005-09-09,6150,6157,6093,6114,68.86,
2005-09-12,6146,6165,6124,6165,70.35,
2005-09-13,6152,6185,6145,6164,71.03,
2005-09-14,6144,6166,6131,6155,71.58,
2005-09-15,6131,6136,6080,6080,70.05,
2005-09-16,6080,6090,6014,6045,60.69,
2005-09-19,6049,6059,6020,6030,59.07,
2005-09-20,6026,6120,5987,6106,61.23,
2005-09-21,6090,6120,6050,6059,74.46,
2005-09-22,6031,6048,5970,5979,81.29,
2005-09-23,5985,5985,5895,5931,72.9,
2005-09-26,5955,5970,5888,5950,66.65,
2005-09-27,5940,5979,5892,5935,65.9,
2005-09-28,5945,5970,5906,5933,65.32,
2005-09-29,5939,6022,5927,6022,68.11,
2005-09-30,6043,6115,6039,6095,74.56,
2005-10-03,6100,6134,6089,6118,78.05,
2005-10-04,6128,6163,6118,6142,83.48,
2005-10-05,6126,6157,6117,6130,86.92,
2005-10-06,6080,6101,6068,6100,82.81,
2005-10-07,6084,6109,6084,6095,81.86,
2005-10-11,6075,6128,6075,6099,81.58,
2005-10-12,6089,6089,5995,6004,74.86,
2005-10-13,5970,5989,5936,5985,68.31,
2005-10-14,5985,6000,5965,5968,67.69,
2005-10-17,5981,5986,5810,5815,57.65,
2005-10-18,5803,5859,5803,5839,58.31,
2005-10-19,5769,5799,5670,5678,75.58,
2005-10-20,5730,5775,5635,5772,69.51,
2005-10-21,5712,5758,5671,5735,70.6,
2005-10-24,5738,5755,5691,5712,68.37,
2005-10-25,5780,5805,5718,5718,71.59,
2005-10-26,5734,5747,5685,5704,66.22,
2005-10-27,5698,5725,5646,5675,62.94,
2005-10-28,5632,5688,5615,5660,60.83,
2005-10-31,5705,5780,5687,5775,62.77,
2005-11-01,5800,5818,5785,5798,68.98,
2005-11-02,5799,5855,5799,5853,77.49,
2005-11-03,5872,5885,5837,5842,80.51,
2005-11-04,5870,5919,5865,5885,85.97,
2005-11-07,5895,5895,5827,5832,85.21,
2005-11-08,5850,5850,5828,5840,83.04,
2005-11-09,5828,5984,5828,5973,94.11,
2005-11-10,5975,6038,5967,6000,115.58,
2005-11-11,6050,6096,6030,6096,121.98,
2005-11-14,6100,6109,6074,6090,124.04,
2005-11-15,6090,6099,6005,6030,113.88,
2005-11-16,6006,6084,5983,6039,68.17,
2005-11-17,6055,6069,5986,6023,73.06,
2005-11-18,6078,6125,6074,6110,77.9,
2005-11-21,6122,6145,6090,6117,91.55,
2005-11-22,6109,6115,6065,6075,91.22,
2005-11-23,6085,6123,6072,6123,88.76,
2005-11-24,6125,6130,6083,6096,89.83,
2005-11-25,6090,6127,6080,6110,91.33,
2005-11-28,6127,6219,6115,6213,96.57,
2005-11-29,6199,6207,6143,6145,96.39,
2005-11-30,6160,6204,6145,6187,95.68,
2005-12-01,6175,6178,6146,6174,99.91,
2005-12-02,6248,6250,6208,6223,109.46,
2005-12-05,6250,6365,6225,6363,112.43,
2005-12-06,6340,6369,6325,6369,121.29,
2005-12-07,6369,6379,6316,6347,120.53,
2005-12-08,6330,6333,6215,6240,118.48,
2005-12-09,6240,6264,6202,6240,111.38,
2005-12-12,6270,6285,6185,6273,112.02,
2005-12-13,6252,6284,6228,6241,110.66,
2005-12-14,6272,6272,6206,6215,110.25,
2005-12-15,6200,6270,6200,6270,111.86,
2005-12-16,6263,6386,6258,6356,117.61,
2005-12-19,6347,6455,6347,6450,140.33,
2005-12-20,6428,6444,6416,6433,140.4,
2005-12-21,6433,6483,6428,6469,98.01,
2005-12-22,6482,6489,6426,6430,106.89,
2005-12-23,6440,6550,6431,6544,120.28,
2005-12-26,6549,6594,6535,6578,126.11,
2005-12-27,6550,6605,6530,6567,122.66,
2005-12-28,6520,6562,6508,6550,118.37,
2005-12-29,6550,6647,6550,6605,120.02,
2005-12-30,6605,6618,6568,6595,113.04,
2006-01-02,6524,6534,6452,6478,106.37,
2006-01-03,6468,6641,6461,6641,114.77,
2006-01-04,6681,6690,6602,6655,115.23,
2006-01-05,6672,6742,6653,6723,123.25,
2006-01-06,6738,6746,6693,6717,122.61,
2006-01-09,6753,6792,6740,6760,127.8,
2006-01-10,6788,6788,6707,6739,122.86,
2006-01-11,6735,6775,6685,6760,121.99,
2006-01-12,6790,6800,6701,6705,124.9,
2006-01-13,6690,6748,6675,6712,122.79,
2006-01-16,6692,6745,6661,6729,124.34,
2006-01-17,6740,6767,6689,6689,129.23,
2006-01-18,6651,6651,6456,6490,84.13,
2006-01-19,6525,6535,6460,6513,85.2,
2006-01-20,6544,6547,6450,6472,82.48,
2006-01-23,6360,6419,6360,6380,79.01,
2006-01-24,6404,6460,6400,6450,77.12,
2006-01-25,6469,6535,6455,6532,79.19,
2006-02-03,6571,6615,6546,6585,81.82,
2006-02-06,6560,6900,6502,6700,88.16,
2006-02-07,6700,6743,6676,6705,98.68,
2006-02-08,6682,6707,6608,6619,92.26,
2006-02-09,6666,6698,6571,6593,91.57,
2006-02-10,6595,6621,6540,6563,92.6,
2006-02-13,6540,6605,6521,6541,91.22,
2006-02-14,6525,6620,6510,6610,93.73,
2006-02-15,6641,6644,6571,6590,117.92,
2006-02-16,6590,6685,6580,6669,109.26,
2006-02-17,6700,6720,6640,6682,109.74,
2006-02-20,6670,6700,6620,6677,107.6,
2006-02-21,6699,6710,6626,6628,105.4,
2006-02-22,6608,6650,6495,6528,110.82,
2006-02-23,6540,6548,6462,6493,110.03,
2006-02-24,6490,6532,6476,6527,109.14,
2006-02-27,6500,6548,6470,6530,112.16,
2006-03-01,6496,6618,6483,6582,111.07,
2006-03-02,6620,6646,6598,6617,116.15,
2006-03-03,6616,6624,6495,6503,113.4,
2006-03-06,6500,6549,6485,6548,113.74,
2006-03-07,6515,6516,6455,6475,108.5,
2006-03-08,6460,6505,6406,6455,103.04,
2006-03-09,6467,6500,6448,6477,103.71,
2006-03-10,6475,6514,6440,6467,102.39,
2006-03-13,6505,6535,6485,6535,108.0,
2006-03-14,6521,6528,6420,6454,102.21,
2006-03-15,6470,6533,6463,6510,111.6,
2006-03-16,6498,6555,6448,6448,88.78,
2006-03-17,6455,6480,6421,6478,90.91,
2006-03-20,6491,6525,6458,6496,89.99,
2006-03-21,6480,6514,6442,6450,87.54,
2006-03-22,6426,6428,6357,6361,84.91,
2006-03-23,6380,6386,6322,6358,87.82,
2006-03-24,6358,6374,6336,6366,87.98,
2006-03-27,6380,6395,6364,6390,88.75,
2006-03-28,6370,6425,6370,6405,93.09,
2006-03-29,6380,6450,6375,6440,96.69,
2006-03-30,6466,6518,6455,6487,98.94,
2006-03-31,6482,6590,6482,6561,107.0,
2006-04-03,6588,6638,6564,6638,113.59,
2006-04-04,6638,6643,6612,6630,116.57,
2006-04-06,6662,6735,6658,6727,124.34,
2006-04-07,6749,6791,6700,6751,131.73,
2006-04-10,6730,6830,6713,6779,149.32,
2006-04-11,6775,6775,6710,6755,134.67,
2006-04-12,6714,6808,6690,6808,138.12,
2006-04-13,6816,6870,6810,6866,143.54,
2006-04-14,6894,7000,6861,6984,162.41,
2006-04-17,7020,7035,6966,6986,161.31,
2006-04-18,6986,7006,6913,6983,152.68,
2006-04-19,7074,7117,7035,7042,120.94,
2006-04-20,7060,7124,7030,7121,129.32,
2006-04-21,7130,7159,7082,7105,117.75,
2006-04-24,7060,7132,7035,7081,118.66,
2006-04-25,7090,7152,7030,7053,98.1,
2006-04-26,7064,7212,7044,7208,102.39,
2006-04-27,7220,7238,7158,7176,107.43,
2006-04-28,7170,7215,7092,7180,103.74,
2006-05-02,7175,7223,7138,7219,105.07,
2006-05-03,7239,7287,7235,7267,112.72,
2006-05-04,7260,7378,7251,7375,125.0,
2006-05-05,7398,7498,7363,7421,142.0,
2006-05-08,7465,7518,7436,7518,145.78,
2006-05-09,7510,7515,7392,7392,129.5,
2006-05-10,7403,7445,7281,7318,112.68,
2006-05-11,7307,7376,7272,7369,114.84,
2006-05-12,7276,7314,7252,7257,105.66,
2006-05-15,7201,7212,7150,7153,97.1,
2006-05-16,7155,7178,7005,7022,82.76,
2006-05-17,7030,7153,7027,7111,83.3,
2006-05-18,7000,7007,6947,7000,98.71,
2006-05-19,6980,7065,6971,7042,97.45,
2006-05-22,7062,7083,6860,6868,83.62,
2006-05-23,6818,6900,6802,6844,76.09,
2006-05-24,6836,6916,6765,6890,74.1,
2006-05-25,6870,6900,6815,6855,71.96,
2006-05-26,6920,6960,6841,6872,70.76,
2006-05-29,6900,6924,6856,6891,70.81,
2006-05-30,6895,6916,6805,6844,69.56,
2006-06-01,6830,6895,6828,6854,69.42,
2006-06-02,6902,6970,6844,6967,71.58,
2006-06-05,6960,6967,6637,6678,63.86,
2006-06-06,6603,6714,6590,6689,64.13,
2006-06-07,6658,6669,6575,6576,60.39,
2006-06-08,6531,6545,6211,6216,47.4,
2006-06-09,6252,6415,6218,6375,50.1,
2006-06-12,6325,6409,6261,6379,53.66,
2006-06-13,6288,6345,6230,6270,55.84,
2006-06-14,6253,6470,6250,6465,57.98,
2006-06-15,6502,6509,6355,6409,56.46,
2006-06-16,6550,6630,6522,6580,61.23,
2006-06-19,6560,6595,6536,6575,60.62,
2006-06-20,6540,6560,6152,6359,55.19,
2006-06-21,6359,6418,6301,6316,59.26,
2006-06-22,6336,6450,6325,6430,61.23,
2006-06-23,6392,6405,6270,6377,67.68,
2006-06-26,6375,6513,6372,6481,70.8,
2006-06-27,6461,6575,6443,6515,71.71,
2006-06-28,6435,6467,6396,6455,69.75,
2006-06-29,6496,6552,6490,6535,74.8,
2006-06-30,6690,6690,6625,6655,75.97,
2006-07-03,6655,6675,6636,6666,74.68,
2006-07-04,6694,6730,6640,6668,75.93,
2006-07-05,6640,6669,6570,6570,75.1,
2006-07-06,6538,6587,6521,6579,70.96,
2006-07-07,6590,6590,6545,6558,70.68,
2006-07-10,6505,6659,6489,6659,71.68,
2006-07-11,6628,6649,6593,6598,71.88,
2006-07-12,6616,6688,6530,6578,72.93,
2006-07-13,6530,6575,6505,6516,69.4,
2006-07-14,6425,6428,6332,6368,60.81,
2006-07-17,6318,6362,6148,6221,50.37,
2006-07-18,6191,6275,6191,6266,51.32,
2006-07-19,6280,6339,6255,6266,52.66,
2006-07-20,6254,6345,6240,6339,59.32,
2006-07-21,6279,6300,6235,6292,62.01,
2006-07-24,6201,6248,6165,6238,63.62,
2006-07-25,6353,6365,6295,6315,63.76,
2006-07-26,6327,6348,6267,6292,63.35,
2006-07-27,6287,6409,6282,6401,63.59,
2006-07-28,6396,6426,6348,6396,66.43,
2006-07-31,6460,6466,6325,6361,63.24,
2006-08-01,6369,6414,6350,6379,63.73,
2006-08-02,6340,6453,6340,6439,65.13,
2006-08-03,6461,6468,6396,6408,67.41,
2006-08-04,6435,6445,6347,6366,69.27,
2006-08-07,6351,6402,6337,6350,72.8,
2006-08-08,6365,6505,6365,6501,76.33,
2006-08-09,6480,6580,6448,6580,80.3,
2006-08-10,6540,6597,6516,6555,89.47,
2006-08-11,6555,6585,6528,6538,94.16,
2006-08-14,6554,6639,6554,6595,103.0,
2006-08-15,6600,6613,6571,6607,104.37,
2006-08-16,6675,6705,6655,6692,67.06,
2006-08-17,6720,6732,6686,6695,71.27,
2006-08-18,6707,6715,6690,6698,72.25,
2006-08-21,6690,6694,6445,6460,65.3,
2006-08-22,6470,6545,6466,6539,64.77,
2006-08-23,6530,6547,6377,6515,68.47,
2006-08-24,6483,6530,6464,6515,67.18,
2006-08-25,6518,6585,6475,6489,67.81,
2006-08-28,6500,6509,6381,6402,66.82,
2006-08-29,6450,6462,6420,6439,67.96,
2006-08-30,6450,6584,6432,6563,72.17,
2006-08-31,6590,6648,6581,6621,76.06,
2006-09-01,6623,6646,6606,6646,81.21,
2006-09-04,6686,6755,6686,6738,85.84,
2006-09-05,6749,6749,6712,6738,88.3,
2006-09-06,6738,6738,6605,6653,86.07,
2006-09-07,6601,6683,6582,6640,86.49,
2006-09-08,6612,6700,6603,6696,89.19,
2006-09-11,6690,6810,6620,6648,86.09,
2006-09-12,6633,6676,6588,6588,86.04,
2006-09-13,6650,6669,6605,6644,87.98,
2006-09-14,6654,6691,6506,6579,90.42,
2006-09-15,6562,6675,6552,6669,98.48,
2006-09-18,6744,6910,6710,6895,117.99,
2006-09-19,6911,6926,6863,6876,118.55,
2006-09-20,6849,6899,6823,6880,76.28,
2006-09-21,6907,6920,6818,6880,83.71,
2006-09-22,6848,6874,6830,6858,83.72,
2006-09-25,6847,6925,6820,6925,84.23,
2006-09-26,6930,6955,6886,6900,88.36,
2006-09-27,6950,6966,6917,6955,87.96,
2006-09-28,6955,6980,6841,6864,79.96,
2006-09-29,6884,6894,6846,6877,78.46,
2006-10-02,6870,6975,6865,6959,84.85,
2006-10-03,6937,6965,6926,6940,87.2,
2006-10-04,6950,6969,6856,6867,83.53,
2006-10-05,6930,7014,6920,7012,89.0,
2006-10-11,7020,7052,6988,7009,88.06,
2006-10-12,7012,7038,6960,6981,89.16,
2006-10-13,7050,7110,7040,7080,93.29,
2006-10-14,7095,7102,7070,7102,99.53,
2006-10-16,7102,7165,7092,7143,115.41,
2006-10-17,7150,7150,7075,7076,117.46,
2006-10-18,7056,7059,6972,7025,83.61,
2006-10-19,7016,7034,6961,6981,75.48,
2006-10-20,7014,7025,6996,7017,77.05,
2006-10-23,7015,7050,6977,7049,82.29,
2006-10-24,7080,7120,7058,7097,83.26,
2006-10-25,7090,7106,7060,7060,83.69,
2006-10-26,7080,7125,7072,7093,83.01,
2006-10-27,7119,7134,7076,7093,86.73,
2006-10-30,7046,7048,6976,6981,82.72,
2006-10-31,6995,7008,6967,7002,82.85,
2006-11-01,6992,7023,6992,7003,84.59,
2006-11-02,6968,7072,6955,7063,89.9,
2006-11-03,7066,7178,7054,7141,97.6,
2006-11-06,7071,7154,7046,7115,94.33,
2006-11-07,7180,7212,7166,7183,97.82,
2006-11-08,7197,7197,7153,7156,98.96,
2006-11-09,7179,7230,7110,7128,100.74,
2006-11-10,7128,7165,7102,7162,98.12,
2006-11-13,7165,7178,7112,7132,96.59,
2006-11-14,7176,7209,7161,7206,102.62,
2006-11-15,7246,7257,7216,7247,77.56,
2006-11-16,7250,7270,7230,7248,87.15,
2006-11-17,7262,7274,7239,7257,84.25,
2006-11-20,7245,7246,7208,7220,84.33,
2006-11-21,7238,7310,7225,7306,86.12,
2006-11-22,7310,7344,7297,7343,87.42,
2006-11-23,7350,7429,7335,7394,91.33,
2006-11-24,7376,7435,7365,7433,92.94,
2006-11-27,7465,7515,7450,7510,97.88,
2006-11-28,7450,7473,7435,7454,97.36,
2006-11-29,7478,7498,7395,7465,95.72,
2006-11-30,7500,7553,7476,7542,101.11,
2006-12-01,7553,7625,7537,7612,110.82,
2006-12-04,7612,7674,7585,7658,115.46,
2006-12-05,7700,7704,7567,7610,112.68,
2006-12-06,7616,7715,7611,7714,110.94,
2006-12-07,7714,7733,7671,7698,109.77,
2006-12-08,7685,7685,7600,7633,104.16,
2006-12-11,7640,7642,7575,7614,106.91,
2006-12-12,7600,7614,7455,7467,101.01,
2006-12-13,7469,7500,7376,7450,94.61,
2006-12-14,7465,7492,7426,7478,95.62,
2006-12-15,7528,7558,7525,7540,99.67,
2006-12-18,7541,7669,7538,7634,109.39,
2006-12-19,7634,7676,7582,7593,115.24,
2006-12-20,7620,7675,7611,7662,89.84,
2006-12-21,7672,7710,7617,7642,95.52,
2006-12-22,7625,7692,7625,7692,101.28,
2006-12-25,7676,7698,7655,7679,104.06,
2006-12-26,7684,7801,7674,7789,105.23,
2006-12-27,7803,7845,7777,7795,107.7,
2006-12-28,7846,7850,7750,7800,107.98,
2006-12-29,7817,7888,7792,7880,115.3,
2007-01-02,7904,7994,7881,7988,119.63,
2007-01-03,8000,8036,7956,7989,114.96,
2007-01-04,7974,7998,7938,7976,111.75,
2007-01-05,7988,7989,7826,7830,108.12,
2007-01-08,7787,7808,7730,7736,104.39,
2007-01-09,7763,7835,7750,7822,95.9,
2007-01-10,7785,7785,7670,7693,87.58,
2007-01-11,7720,7738,7596,7626,80.98,
2007-01-12,7688,7795,7686,7786,94.59,
2007-01-15,7830,7834,7748,7804,97.96,
2007-01-16,7828,7845,7785,7815,102.34,
2007-01-17,7720,7856,7720,7835,93.62,
2007-01-18,7864,7930,7841,7922,98.2,
2007-01-19,7886,7921,7860,7862,100.34,
2007-01-22,7870,7900,7780,7885,103.0,
2007-01-23,7849,7893,7825,7885,105.88,
2007-01-24,7947,7995,7935,7993,107.73,
2007-01-25,8020,8030,7960,7975,111.27,
2007-01-26,7922,7922,7811,7837,103.3,
2007-01-29,7834,7857,7759,7787,99.43,
2007-01-30,7800,7805,7751,7769,94.99,
2007-01-31,7776,7795,7639,7734,83.52,
2007-02-01,7777,7785,7692,7740,81.55,
2007-02-02,7785,7839,7780,7810,86.2,
2007-02-05,7781,7835,7766,7779,88.42,
2007-02-06,7790,7895,7790,7889,93.36,
2007-02-07,7880,7896,7861,7868,94.7,
2007-02-08,7890,7908,7805,7870,93.03,
2007-02-09,7865,7920,7844,7884,97.47,
2007-02-12,7836,7844,7785,7792,96.27,
2007-02-13,7785,7830,7742,7743,92.09,
2007-02-14,7786,7839,7776,7833,96.27,
2007-02-26,7900,7936,7899,7899,96.14,
2007-02-27,7912,7970,7912,7925,107.73,
2007-03-01,7770,7775,7653,7660,96.85,
2007-03-02,7611,7692,7610,7668,93.82,
2007-03-03,7610,7640,7555,7589,87.18,
2007-03-05,7549,7549,7268,7285,76.97,
2007-03-06,7319,7422,7319,7409,73.75,
2007-03-07,7445,7468,7381,7427,75.63,
2007-03-08,7420,7535,7416,7523,77.62,
2007-03-09,7538,7566,7492,7517,79.57,
2007-03-12,7540,7595,7540,7595,81.59,
2007-03-13,7595,7642,7571,7624,90.33,
2007-03-14,7500,7520,7435,7469,85.18,
2007-03-15,7543,7676,7525,7652,91.55,
2007-03-16,7600,7726,7589,7666,98.68,
2007-03-19,7673,7730,7660,7710,102.76,
2007-03-20,7766,7773,7702,7721,106.22,
2007-03-21,7745,7760,7714,7753,98.5,
2007-03-22,7804,7855,7803,7829,96.61,
2007-03-23,7841,7895,7802,7855,95.29,
2007-03-26,7865,7890,7845,7883,96.66,
2007-03-27,7855,7940,7811,7824,98.97,
2007-03-28,7800,7832,7736,7750,98.15,
2007-03-29,7715,7856,7705,7838,100.99,
2007-03-30,7852,7878,7794,7834,103.05,
2007-04-02,7859,7915,7812,7849,105.27,
2007-04-03,7841,7922,7825,7919,104.21,
2007-04-04,7988,8010,7957,7999,111.91,
2007-04-09,8027,8077,8025,8072,117.15,
2007-04-10,8050,8065,8008,8053,117.63,
2007-04-11,8058,8107,8044,8095,122.82,
2007-04-12,8052,8093,8038,8077,125.04,
2007-04-13,8100,8107,7972,7990,125.21,
2007-04-14,8020,8067,8010,8067,125.62,
2007-04-16,8072,8095,8023,8057,126.05,
2007-04-17,8098,8110,7955,7964,125.3,
2007-04-18,7971,8013,7946,8010,118.4,
2007-04-19,7961,7981,7826,7839,108.29,
2007-04-20,7880,7910,7868,7887,112.43,
2007-04-23,7966,8060,7966,8016,111.57,
2007-04-24,8010,8045,7968,8038,111.6,
2007-04-25,7995,8008,7952,7960,114.57,
2007-04-26,8040,8044,7970,8002,115.31,
2007-04-27,7995,8020,7922,7946,111.69,
2007-04-30,7930,7936,7824,7850,99.04,
2007-05-02,7864,7922,7851,7896,100.36,
2007-05-03,7938,7958,7843,7936,101.26,
2007-05-04,7950,8080,7950,8057,108.74,
2007-05-07,8092,8134,8080,8114,113.42,
2007-05-08,8114,8124,8066,8072,110.15,
2007-05-09,8080,8095,8043,8068,109.62,
2007-05-10,8095,8114,8071,8109,113.28,
2007-05-11,8030,8043,8005,8021,115.25,
2007-05-14,8070,8084,8021,8044,113.08,
2007-05-15,8033,8038,7951,7969,107.33,
2007-05-16,7957,7995,7957,7991,109.39,
2007-05-17,8000,8057,7999,8015,106.37,
2007-05-18,8015,8037,7971,8030,102.96,
2007-05-21,8050,8138,8015,8122,99.02,
2007-05-22,8122,8178,8117,8176,94.54,
2007-05-23,8180,8220,8176,8204,98.86,
2007-05-24,8195,8211,8164,8170,100.41,
2007-05-25,8115,8140,8095,8134,96.12,
2007-05-28,8168,8174,8143,8154,96.17,
2007-05-29,8154,8207,8125,8168,98.57,
2007-05-30,8160,8166,8073,8111,99.3,
2007-05-31,8186,8199,8145,8171,100.59,
2007-06-01,8200,8252,8200,8232,101.61,
2007-06-04,8260,8288,8238,8257,102.7,
2007-06-05,8250,8270,8218,8254,102.64,
2007-06-06,8238,8332,8236,8285,109.53,
2007-06-07,8234,8337,8214,8336,110.99,
2007-06-08,8250,8286,8225,8276,109.8,
2007-06-11,8311,8325,8293,8313,112.86,
2007-06-12,8307,8350,8306,8338,115.78,
2007-06-13,8310,8352,8304,8331,117.51,
2007-06-14,8398,8455,8384,8443,127.23,
2007-06-15,8465,8619,8462,8595,138.5,
2007-06-20,8716,8824,8622,8770,96.94,
2007-06-21,8737,8897,8691,8862,102.35,
2007-06-22,8890,8890,8782,8825,97.76,
2007-06-23,8773,8797,8766,8770,96.21,
2007-06-25,8799,8965,8785,8913,95.64,
2007-06-26,8890,8937,8810,8840,94.06,
2007-06-27,8807,8854,8755,8776,91.53,
2007-06-28,8826,8860,8791,8838,92.83,
2007-06-29,8861,8887,8777,8808,92.15,
2007-07-02,8800,8896,8755,8895,94.0,
2007-07-03,8950,8994,8945,8972,99.37,
2007-07-04,9002,9088,9002,9053,107.74,
2007-07-05,9085,9123,9050,9123,112.52,
2007-07-06,9111,9147,9065,9142,115.57,
2007-07-09,9180,9386,9178,9376,126.99,
2007-07-10,9399,9399,9305,9336,123.67,
2007-07-11,9270,9298,9220,9226,116.71,
2007-07-12,9274,9375,9270,9323,114.09,
2007-07-13,9500,9505,9415,9458,119.84,
2007-07-16,9470,9509,9371,9372,127.62,
2007-07-17,9390,9536,9325,9524,133.12,
2007-07-18,9486,9554,9440,9480,112.92,
2007-07-19,9421,9460,9366,9419,109.17,
2007-07-20,9455,9545,9435,9545,115.37,
2007-07-23,9500,9568,9490,9549,113.19,
2007-07-24,9568,9699,9536,9674,120.81,
2007-07-25,9608,9754,9598,9739,116.07,
2007-07-26,9747,9827,9526,9546,111.46,
2007-07-27,9350,9359,8913,8981,92.61,
2007-07-30,8881,9035,8860,8990,82.93,
2007-07-31,9025,9203,9010,9176,84.76,
2007-08-01,9056,9130,8643,8695,86.39,
2007-08-02,8873,8940,8566,8880,79.91,
2007-08-03,8973,9039,8901,8985,81.09,
2007-08-06,8733,8900,8688,8860,82.0,
2007-08-07,9000,9009,8767,8767,84.76,
2007-08-08,8850,9087,8841,9078,87.0,
2007-08-09,9200,9200,9078,9136,87.72,
2007-08-10,8850,8900,8730,8800,89.05,
2007-08-13,8873,8960,8841,8925,87.33,
2007-08-14,8900,9050,8823,8885,87.29,
2007-08-15,8726,8772,8540,8570,114.35,
2007-08-16,8290,8330,7986,8154,107.98,
2007-08-17,8088,8220,7808,7885,99.39,
2007-08-20,8233,8435,8210,8428,98.98,
2007-08-21,8392,8515,8313,8365,97.33,
2007-08-22,8390,8450,8343,8437,95.4,
2007-08-23,8688,8705,8635,8687,98.12,
2007-08-24,8660,8660,8581,8600,100.18,
2007-08-27,8750,8775,8620,8637,98.42,
2007-08-28,8635,8710,8600,8680,96.99,
2007-08-29,8450,8567,8440,8549,94.41,
2007-08-30,8697,8760,8666,8700,94.17,
2007-08-31,8732,8986,8727,8976,96.28,
2007-09-03,8976,8999,8923,8956,97.16,
2007-09-04,8960,9008,8866,8890,96.53,
2007-09-05,8990,9002,8814,8821,98.17,
2007-09-06,8769,9017,8751,9017,96.14,
2007-09-07,8987,9055,8945,8982,100.9,
2007-09-10,8800,8933,8742,8890,97.96,
2007-09-11,8880,9002,8870,9002,98.29,
2007-09-12,9047,9062,8934,8936,99.61,
2007-09-13,8985,9012,8880,8921,101.15,
2007-09-14,8980,9066,8950,9030,100.67,
2007-09-17,9016,9050,8823,8888,99.48,
2007-09-19,9100,9126,8890,8923,76.5,
2007-09-20,9010,9139,8965,9016,89.15,
2007-09-21,9005,9138,9005,9132,93.36,
2007-09-26,9172,9300,9172,9275,94.92,
2007-09-27,9346,9426,9302,9410,94.96,
2007-09-28,9430,9470,9375,9380,95.63,
2007-09-29,9425,9495,9401,9492,93.51,
2007-10-01,9530,9551,9475,9501,93.78,
2007-10-02,9610,9684,9581,9669,101.35,
2007-10-03,9669,9832,9646,9771,108.68,
2007-10-04,9720,9721,9633,9678,101.39,
2007-10-05,9669,9707,9588,9617,101.31,
2007-10-08,9707,9773,9688,9740,105.12,
2007-10-09,9756,9766,9591,9653,106.43,
2007-10-11,9689,9749,9664,9747,110.95,
2007-10-12,9687,9728,9444,9452,112.46,
2007-10-15,9527,9547,9410,9503,113.3,
2007-10-16,9432,9630,9425,9562,116.4,
2007-10-17,9500,9620,9467,9555,132.51,
2007-10-18,9615,9695,9601,9677,117.07,
2007-10-19,9612,9677,9606,9608,114.7,
2007-10-22,9349,9380,9233,9324,116.24,
2007-10-23,9388,9540,9371,9511,108.31,
2007-10-24,9575,9652,9410,9457,106.6,
2007-10-25,9555,9600,9496,9594,103.99,
2007-10-26,9622,9685,9602,9675,103.13,
2007-10-29,9781,9867,9756,9862,104.71,
2007-10-30,9850,9854,9770,9787,103.03,
2007-10-31,9795,9815,9716,9777,100.24,
2007-11-01,9822,9833,9563,9657,101.17,
2007-11-02,9450,9495,9202,9230,89.58,
2007-11-05,9180,9319,9091,9275,85.42,
2007-11-06,9310,9354,9255,9304,87.49,
2007-11-07,9363,9400,9264,9270,91.11,
2007-11-08,9006,9078,8820,8917,82.48,
2007-11-09,8980,9025,8860,8966,80.31,
2007-11-12,8700,8735,8572,8679,74.57,
2007-11-13,8662,8765,8560,8747,72.56,
2007-11-14,8950,8977,8911,8942,73.17,
2007-11-15,8908,8935,8865,8867,73.89,
2007-11-16,8666,8778,8626,8758,76.88,
2007-11-19,8800,8825,8611,8621,76.94,
2007-11-20,8366,8727,8339,8717,73.45,
2007-11-21,8628,8694,8421,8436,86.29,
2007-11-22,8453,8590,8323,8468,79.39,
2007-11-23,8480,8518,8312,8322,78.39,
2007-11-26,8433,8560,8408,8530,75.99,
2007-11-27,8344,8491,8188,8395,75.39,
2007-11-28,8471,8475,8240,8246,73.98,
2007-11-29,8447,8486,8388,8428,73.46,
2007-11-30,8488,8623,8488,8609,80.29,
2007-12-03,8609,8635,8555,8596,78.19,
2007-12-04,8580,8646,8534,8618,77.76,
2007-12-05,8592,8713,8560,8704,78.12,
2007-12-06,8802,8810,8671,8738,81.3,
2007-12-07,8760,8819,8699,8708,82.72,
2007-12-10,8700,8725,8548,8558,79.05,
2007-12-11,8608,8660,8568,8640,80.7,
2007-12-12,8485,8548,8433,8499,80.88,
2007-12-13,8451,8504,8102,8106,72.79,
2007-12-14,8115,8174,7856,8058,66.93,
2007-12-17,8000,8081,7742,7749,62.82,
2007-12-18,7630,7933,7628,7812,60.71,
2007-12-19,7820,8025,7820,8014,75.46,
2007-12-20,8017,8027,7791,7844,66.61,
2007-12-21,7854,8030,7808,7970,64.21,
2007-12-24,8110,8137,8066,8132,62.37,
2007-12-25,8175,8178,8105,8147,62.22,
2007-12-26,8120,8192,8051,8185,60.86,
2007-12-27,8155,8356,8148,8327,63.76,
2007-12-28,8268,8427,8237,8394,61.53,
2007-12-31,8395,8503,8393,8483,61.83,
2008-01-02,8453,8508,8272,8283,61.85,
2008-01-03,8180,8224,8083,8143,56.71,
2008-01-04,8101,8244,8032,8210,53.56,
2008-01-07,7990,7999,7800,7833,49.8,
2008-01-08,7826,7963,7813,7918,48.75,
2008-01-09,7705,8105,7705,8090,51.29,
2008-01-10,8120,8155,8052,8072,53.09,
2008-01-11,8122,8158,7961,7967,49.28,
2008-01-14,8100,8258,8044,8243,50.74,
2008-01-15,8290,8636,8275,8501,59.98,
2008-01-16,8350,8407,8125,8152,52.96,
2008-01-17,8250,8280,7953,8081,54.72,
2008-01-18,7890,8238,7855,8213,60.21,
2008-01-21,8126,8208,8070,8110,58.8,
2008-01-22,7650,7700,7543,7543,48.64,
2008-01-23,7673,7741,7322,7338,48.05,
2008-01-24,7530,7642,7390,7538,46.54,
2008-01-25,7650,7772,7644,7766,49.4,
2008-01-28,7685,7710,7406,7447,47.23,
2008-01-29,7596,7600,7418,7526,47.28,
2008-01-30,7526,7652,7452,7517,48.19,
2008-01-31,7490,7565,7336,7463,45.95,
2008-02-01,7580,7678,7540,7667,51.25,
2008-02-12,7550,7586,7462,7505,50.09,
2008-02-13,7575,7609,7482,7491,49.96,
2008-02-14,7653,7912,7650,7897,53.24,
2008-02-15,7800,7895,7760,7890,57.02,
2008-02-18,7952,7995,7840,7917,60.55,
2008-02-19,7966,8034,7938,8022,64.87,
2008-02-20,7950,8007,7825,7877,60.1,
2008-02-21,7920,8057,7913,8027,57.0,
2008-02-22,7958,8053,7925,8038,57.84,
2008-02-25,8158,8273,8153,8226,59.54,
2008-02-26,8300,8316,8203,8280,57.58,
2008-02-27,8379,8415,8311,8373,59.62,
2008-02-29,8320,8450,8293,8341,60.97,
2008-03-03,8168,8255,8106,8249,63.48,
2008-03-04,8268,8498,8230,8488,64.33,
2008-03-05,8520,8558,8416,8510,67.79,
2008-03-06,8540,8690,8521,8683,68.84,
2008-03-07,8548,8647,8512,8526,72.26,
2008-03-10,8488,8544,8253,8305,70.76,
2008-03-11,8240,8390,8182,8371,68.15,
2008-03-12,8588,8609,8405,8467,64.86,
2008-03-13,8421,8448,8161,8190,66.26,
2008-03-14,8250,8296,8082,8109,65.65,
2008-03-17,7925,8054,7850,7979,68.04,
2008-03-18,8045,8068,7915,8053,63.52,
2008-03-19,8230,8273,8122,8172,54.0,
2008-03-20,8059,8358,8050,8336,54.94,
2008-03-21,8400,8638,8374,8612,65.67,
2008-03-24,9000,9115,8801,8889,82.94,
2008-03-25,8990,8990,8722,8759,84.49,
2008-03-26,8767,8838,8685,8723,83.79,
2008-03-27,8693,8710,8520,8558,79.48,
2008-03-28,8520,8671,8512,8619,79.19,
2008-03-31,8590,8605,8451,8520,79.23,
2008-04-01,8560,8595,8322,8331,76.76,
2008-04-02,8505,8618,8464,8573,76.94,
2008-04-03,8590,8616,8528,8572,77.27,
2008-04-07,8601,8743,8592,8706,78.47,
2008-04-08,8657,8703,8632,8637,79.99,
2008-04-09,8670,8780,8590,8676,80.4,
2008-04-10,8660,8825,8647,8814,85.14,
2008-04-11,8844,8933,8801,8911,88.58,
2008-04-14,8841,8910,8801,8871,88.09,
2008-04-15,8880,8940,8852,8915,97.31,
2008-04-16,8968,9092,8962,9084,96.14,
2008-04-17,9145,9150,9037,9064,95.73,
2008-04-18,9080,9099,9000,9081,94.08,
2008-04-21,9163,9180,9045,9084,93.35,
2008-04-22,9067,9076,8977,9029,96.78,
2008-04-23,9047,9093,8945,8984,96.26,
2008-04-24,8970,9043,8954,8979,99.02,
2008-04-25,9048,9070,8950,8986,97.03,
2008-04-28,8998,9095,8972,9090,94.45,
2008-04-29,9080,9099,8873,8925,92.89,
2008-04-30,8916,8985,8893,8933,95.01,
2008-05-02,9020,9038,8944,9003,89.61,
2008-05-05,9007,9018,8821,8849,89.21,
2008-05-06,8855,8888,8780,8869,84.16,
2008-05-07,8900,8975,8881,8918,82.98,
2008-05-08,8855,8904,8800,8893,81.79,
2008-05-09,8870,8878,8765,8773,82.12,
2008-05-12,8750,8868,8750,8860,78.64,
2008-05-13,8860,9044,8850,9030,79.21,
2008-05-14,9016,9088,9002,9059,83.06,
2008-05-15,9087,9209,9081,9182,89.27,
2008-05-16,9220,9285,9191,9246,90.89,
2008-05-19,9276,9379,9241,9373,92.23,
2008-05-20,9369,9389,9060,9073,89.09,
2008-05-21,9015,9089,8958,8999,102.77,
2008-05-22,8888,9020,8866,9015,98.94,
2008-05-23,9008,9027,8780,8784,95.88,
2008-05-26,8731,8791,8690,8696,91.36,
2008-05-27,8740,8784,8706,8772,87.86,
2008-05-28,8784,8794,8625,8644,82.68,
2008-05-29,8720,8770,8651,8717,79.6,
2008-05-30,8755,8777,8535,8649,76.93,
2008-06-02,8604,8710,8600,8701,75.07,
2008-06-03,8650,8656,8510,8538,72.58,
2008-06-04,8541,8616,8525,8592,71.47,
2008-06-05,8569,8766,8473,8723,71.93,
2008-06-06,8777,8797,8715,8753,71.94,
2008-06-09,8502,8555,8492,8528,69.17,
2008-06-10,8540,8566,8321,8339,63.24,
2008-06-11,8352,8404,8291,8317,63.81,
2008-06-12,8170,8205,8000,8038,54.74,
2008-06-13,8066,8140,8002,8042,55.74,
2008-06-16,8120,8190,8105,8133,53.99,
2008-06-17,8125,8174,8016,8146,52.2,
2008-06-18,8140,8258,8120,8216,85.42,
2008-06-19,7998,7998,7886,7889,83.24,
2008-06-20,7900,7938,7725,7777,81.61,
2008-06-23,7660,7805,7630,7753,78.07,
2008-06-24,7730,7780,7644,7688,73.58,
2008-06-25,7666,7759,7605,7749,70.41,
2008-06-26,7756,7797,7690,7695,67.79,
2008-06-27,7392,7458,7344,7416,55.77,
2008-06-30,7446,7490,7384,7417,53.97,
2008-07-01,7402,7475,7292,7296,49.62,
2008-07-02,7301,7393,7243,7247,44.93,
2008-07-03,7135,7378,7051,7296,43.65,
2008-07-04,7300,7325,7100,7103,42.75,
2008-07-07,7083,7270,7069,7258,44.11,
2008-07-08,7202,7203,6889,6985,40.35,
2008-07-09,7090,7183,6951,7016,42.95,
2008-07-10,6916,7117,6894,7007,42.38,
2008-07-11,6995,7203,6962,7177,47.11,
2008-07-14,7189,7234,7089,7149,47.71,
2008-07-15,7063,7066,6741,6790,43.48,
2008-07-16,6841,6866,6671,6679,42.78,
2008-07-17,6699,6846,6695,6798,41.48,
2008-07-18,6870,6888,6600,6685,40.48,
2008-07-21,6825,7020,6810,7001,42.21,
2008-07-22,6960,7010,6889,6964,42.22,
2008-07-23,7100,7252,7071,7184,46.9,
2008-07-24,7259,7307,7207,7301,49.37,
2008-07-25,7186,7190,7083,7167,46.65,
2008-07-29,6970,6980,6865,6916,44.82,
2008-07-30,7089,7095,6967,7026,45.52,
2008-07-31,7105,7148,6893,7002,48.25,
2008-08-01,6908,6969,6852,6915,49.65,
2008-08-04,6875,6965,6855,6934,48.71,
2008-08-05,6976,6994,6755,6778,45.68,
2008-08-06,6950,7030,6909,7016,47.76,
2008-08-07,7000,7054,6958,7005,50.39,
2008-08-08,6930,7233,6930,7188,56.14,
2008-08-11,7298,7338,7250,7290,61.49,
2008-08-12,7298,7333,7255,7269,60.54,
2008-08-13,7240,7309,7192,7296,60.41,
2008-08-14,7297,7364,7230,7356,61.8,
2008-08-15,7370,7380,7156,7218,61.48,
2008-08-18,7186,7224,6955,6980,52.55,
2008-08-19,6850,6978,6803,6940,52.05,
2008-08-20,6945,7053,6873,7037,42.78,
2008-08-21,6950,6960,6857,6875,44.47,
2008-08-22,6836,6973,6765,6860,45.25,
2008-08-25,6955,7037,6895,6989,47.37,
2008-08-26,6903,6962,6886,6944,47.33,
2008-08-27,6931,7118,6896,7080,47.2,
2008-08-28,7080,7140,7033,7042,46.31,
2008-08-29,7105,7138,7011,7053,45.11,
2008-09-01,6997,6997,6739,6759,45.92,
2008-09-02,6781,6799,6652,6695,44.91,
2008-09-03,6706,6757,6560,6586,44.65,
2008-09-04,6570,6630,6344,6398,39.75,
2008-09-05,6180,6331,6179,6241,36.28,
2008-09-08,6486,6677,6452,6677,42.88,
2008-09-09,6633,6634,6390,6455,41.0,
2008-09-10,6370,6518,6348,6452,39.85,
2008-09-11,6470,6470,6002,6234,38.75,
2008-09-12,6340,6360,6153,6290,36.89,
2008-09-15,6140,6186,5864,5969,33.66,
2008-09-16,5799,5859,5680,5687,28.93,
2008-09-17,5860,5998,5719,5766,44.26,
2008-09-18,5550,5590,5415,5522,42.35,
2008-09-19,5800,5908,5782,5908,46.62,
2008-09-22,6148,6150,5960,6086,51.94,
2008-09-23,6030,6149,5995,6135,56.51,
2008-09-24,6113,6195,6074,6154,58.54,
2008-09-25,6020,6160,6003,6057,58.07,
2008-09-26,6059,6063,5817,5869,54.47,
2008-09-30,5459,5587,5459,5546,48.51,
2008-10-01,5640,5719,5600,5676,49.13,
2008-10-02,5738,5743,5550,5620,48.69,
2008-10-03,5550,5687,5491,5643,47.53,
2008-10-06,5510,5520,5380,5389,43.43,
2008-10-07,5203,5484,5203,5442,42.07,
2008-10-08,5258,5346,5065,5116,36.59,
2008-10-09,5199,5255,5056,5062,34.32,
2008-10-13,4885,4986,4885,4942,29.7,
2008-10-14,5280,5287,5235,5287,31.77,
2008-10-15,5275,5285,5152,5245,43.84,
2008-10-16,4978,4978,4978,4978,48.01,
2008-10-17,4951,4978,4804,4804,46.3,
2008-10-20,4726,4832,4636,4821,47.65,
2008-10-21,4935,4949,4736,4818,46.48,
2008-10-22,4741,4856,4650,4656,42.13,
2008-10-23,4494,4523,4494,4494,38.13,
2008-10-24,4394,4440,4337,4337,38.17,
2008-10-27,4080,4222,4034,4034,38.3,
2008-10-28,3913,4316,3811,4316,41.46,
2008-10-29,4602,4616,4214,4294,43.71,
2008-10-30,4386,4594,4360,4594,46.92,
2008-10-31,4593,4909,4538,4838,55.68,
2008-11-03,4932,4995,4785,4990,58.56,
2008-11-04,4975,5006,4835,4982,58.24,
2008-11-05,5060,5100,4893,4900,59.22,
2008-11-06,4687,4699,4557,4557,57.0,
2008-11-07,4258,4664,4258,4630,54.05,
2008-11-10,4683,4695,4553,4634,56.55,
2008-11-11,4510,4645,4460,4477,55.67,
2008-11-12,4487,4598,4420,4522,52.52,
2008-11-13,4300,4334,4206,4280,48.85,
2008-11-14,4480,4500,4344,4380,49.88,
2008-11-17,4283,4433,4266,4360,48.91,
2008-11-18,4310,4335,4208,4245,45.49,
2008-11-19,4243,4290,4184,4263,51.04,
2008-11-20,3970,4030,3865,3902,49.47,
2008-11-21,3833,4150,3815,4119,49.65,
2008-11-24,4061,4109,3973,4048,49.94,
2008-11-25,4225,4285,4115,4198,54.23,
2008-11-26,4219,4268,4175,4206,52.84,
2008-11-27,4311,4489,4292,4428,56.22,
2008-11-28,4428,4465,4387,4459,56.28,
2008-12-01,4425,4580,4388,4501,62.42,
2008-12-02,4300,4325,4206,4230,62.41,
2008-12-03,4270,4307,4182,4189,62.71,
2008-12-04,4240,4285,4100,4142,61.33,
2008-12-05,4170,4203,4105,4179,61.23,
2008-12-08,4235,4471,4231,4471,66.76,
2008-12-09,4511,4545,4431,4461,66.83,
2008-12-10,4481,4725,4471,4689,76.65,
2008-12-11,4651,4705,4624,4669,77.77,
2008-12-12,4585,4643,4344,4423,72.5,
2008-12-15,4612,4719,4555,4607,78.0,
2008-12-16,4540,4615,4523,4589,82.69,
2008-12-17,4695,4734,4621,4667,70.14,
2008-12-18,4667,4705,4596,4697,67.64,
2008-12-19,4663,4728,4582,4680,71.79,
2008-12-22,4710,4756,4496,4527,70.96,
2008-12-23,4503,4524,4289,4350,61.86,
2008-12-24,4301,4399,4242,4377,61.29,
2008-12-25,4385,4400,4330,4396,59.86,
2008-12-26,4375,4445,4340,4377,59.52,
2008-12-29,4355,4398,4318,4388,59.13,
2008-12-30,4410,4604,4410,4562,67.32,
2008-12-31,4605,4618,4483,4548,65.54,
2009-01-05,4700,4797,4635,4669,66.79,
2009-01-06,4699,4735,4640,4704,68.42,
2009-01-07,4750,4800,4711,4755,70.11,
2009-01-08,4651,4655,4434,4455,64.57,
2009-01-09,4479,4495,4405,4422,64.13,
2009-01-10,4370,4426,4345,4376,61.26,
2009-01-12,4381,4473,4348,4423,61.01,
2009-01-13,4369,4525,4360,4517,63.0,
2009-01-14,4500,4550,4476,4509,64.69,
2009-01-15,4233,4300,4220,4235,60.78,
2009-01-16,4281,4329,4250,4324,59.62,
2009-01-17,4337,4358,4306,4345,58.92,
2009-01-19,4370,4395,4325,4359,58.87,
2009-01-20,4300,4300,4205,4242,58.57,
2009-01-21,4103,4264,4102,4258,84.45,
2009-02-02,4185,4197,4115,4159,79.82,
2009-02-03,4169,4327,4160,4277,89.52,
2009-02-04,4328,4374,4286,4352,89.13,
2009-02-05,4325,4390,4268,4271,88.13,
2009-02-06,4350,4478,4350,4439,91.99,
2009-02-09,4505,4524,4425,4454,99.69,
2009-02-10,4455,4500,4434,4497,103.17,
2009-02-11,4387,4578,4372,4553,109.85,
2009-02-12,4525,4563,4400,4443,104.48,
2009-02-13,4460,4590,4450,4568,107.3,
2009-02-16,4550,4590,4534,4570,112.3,
2009-02-17,4534,4559,4440,4492,112.02,
2009-02-18,4462,4520,4422,4514,111.31,
2009-02-19,4416,4523,4340,4471,82.09,
2009-02-20,4424,4450,4349,4365,84.45,
2009-02-23,4330,4433,4296,4427,84.61,
2009-02-24,4335,4394,4314,4380,86.47,
2009-02-25,4432,4519,4416,4468,88.34,
2009-02-26,4509,4538,4441,4478,88.2,
2009-02-27,4468,4528,4453,4512,88.9,
2009-03-02,4440,4460,4302,4330,89.54,
2009-03-03,4271,4377,4240,4367,89.67,
2009-03-04,4335,4519,4322,4512,95.46,
2009-03-05,4549,4647,4536,4597,98.99,
2009-03-06,4545,4638,4539,4630,102.09,
2009-03-09,4670,4675,4545,4623,101.24,
2009-03-10,4613,4668,4568,4655,98.82,
2009-03-11,4775,4785,4715,4758,107.52,
2009-03-12,4758,4780,4724,4748,109.39,
2009-03-13,4818,4942,4813,4900,128.64,
2009-03-16,4925,4986,4906,4962,143.47,
2009-03-17,4984,5070,4947,5057,156.97,
2009-03-18,5090,5095,5023,5067,105.87,
2009-03-19,5040,5105,4975,4980,110.76,
2009-03-20,4999,5039,4923,4950,109.7,
2009-03-23,5000,5133,4991,5128,110.91,
2009-03-24,5216,5268,5187,5259,119.25,
2009-03-25,5240,5389,5232,5359,127.6,
2009-03-26,5360,5433,5317,5385,127.27,
2009-03-27,5428,5452,5336,5356,123.77,
2009-03-30,5350,5360,5145,5179,114.19,
2009-03-31,5209,5295,5175,5199,108.54,
2009-04-01,5231,5344,5223,5314,115.24,
2009-04-02,5408,5520,5401,5512,131.1,
2009-04-03,5563,5568,5475,5511,138.15,
2009-04-06,5551,5619,5496,5526,138.3,
2009-04-07,5505,5589,5463,5584,131.91,
2009-04-08,5501,5583,5418,5459,124.25,
2009-04-09,5526,5718,5522,5712,137.23,
2009-04-10,5760,5830,5696,5826,158.98,
2009-04-13,5838,5874,5786,5846,173.15,
2009-04-14,5823,5902,5786,5858,180.25,
2009-04-15,5840,5894,5785,5860,177.93,
2009-04-16,6001,6046,5950,5997,120.81,
2009-04-17,6048,6060,5682,5776,122.04,
2009-04-20,5776,5814,5666,5767,116.4,
2009-04-21,5680,5899,5654,5891,117.36,
2009-04-22,5870,5928,5834,5847,129.13,
2009-04-23,5857,5907,5755,5899,132.15,
2009-04-24,5918,5996,5792,5903,137.68,
2009-04-27,5911,5950,5678,5706,120.49,
2009-04-28,5747,5783,5576,5582,108.59,
2009-04-29,5630,5663,5584,5622,101.6,
2009-04-30,6015,6015,5953,6015,132.13,
2009-05-04,6300,6436,6300,6436,163.95,
2009-05-05,6765,6770,6428,6540,169.85,
2009-05-06,6522,6585,6416,6540,165.88,
2009-05-07,6604,6631,6446,6611,156.82,
2009-05-08,6580,6598,6506,6572,155.7,
2009-05-11,6547,6696,6522,6597,152.67,
2009-05-12,6567,6586,6384,6446,136.95,
2009-05-13,6468,6499,6421,6469,137.4,
2009-05-14,6360,6418,6315,6322,141.54,
2009-05-15,6362,6508,6357,6475,141.56,
2009-05-18,6435,6573,6403,6562,142.17,
2009-05-19,6710,6805,6623,6690,159.82,
2009-05-20,6700,6744,6585,6697,128.01,
2009-05-21,6629,6695,6605,6670,125.18,
2009-05-22,6606,6730,6595,6690,130.42,
2009-05-25,6738,6838,6648,6724,134.04,
2009-05-26,6700,6760,6633,6646,132.55,
2009-05-27,6720,6998,6700,6931,144.22,
2009-06-01,6984,7012,6900,6957,141.93,
2009-06-02,7030,7050,6863,6918,139.06,
2009-06-03,6936,6937,6844,6897,128.99,
2009-06-04,6867,6897,6695,6785,117.6,
2009-06-05,6815,6826,6734,6792,110.79,
2009-06-06,6792,6853,6775,6832,113.83,
2009-06-08,6853,6883,6613,6645,109.35,
2009-06-09,6647,6667,6390,6414,95.71,
2009-06-10,6450,6503,6385,6460,90.33,
2009-06-11,6477,6544,6335,6517,90.05,
2009-06-12,6538,6559,6411,6442,90.14,
2009-06-15,6400,6400,6175,6208,80.11,
2009-06-16,6151,6252,6133,6208,76.13,
2009-06-17,6208,6295,6195,6203,78.83,
2009-06-18,6129,6204,5995,6084,90.29,
2009-06-19,6100,6150,6044,6138,88.28,
2009-06-22,6150,6265,6075,6209,88.36,
2009-06-23,6102,6150,6060,6070,93.45,
2009-06-24,6087,6494,6073,6306,95.22,
2009-06-25,6336,6429,6295,6388,93.99,
2009-06-26,6400,6433,6361,6388,94.28,
2009-06-29,6409,6435,6303,6342,92.54,
2009-06-30,6403,6450,6303,6384,89.15,
2009-07-01,6384,6546,6361,6514,94.24,
2009-07-02,6520,6626,6517,6585,100.15,
2009-07-03,6533,6632,6520,6599,104.95,
2009-07-06,6603,6632,6528,6588,105.61,
2009-07-07,6588,6710,6577,6662,110.0,
2009-07-08,6626,6637,6557,6625,109.85,
2009-07-09,6637,6779,6625,6722,113.88,
2009-07-10,6734,6758,6677,6753,115.01,
2009-07-13,6753,6766,6442,6476,107.71,
2009-07-14,6532,6608,6506,6578,110.61,
2009-07-15,6627,6783,6627,6762,106.37,
2009-07-16,6750,6785,6661,6705,113.66,
2009-07-17,6750,6803,6701,6760,115.7,
2009-07-20,6818,6885,6757,6860,118.72,
2009-07-21,6914,6914,6795,6877,117.91,
2009-07-22,6868,6959,6848,6890,121.66,
2009-07-23,6883,6955,6819,6879,122.98,
2009-07-24,6954,6965,6875,6897,126.07,
2009-07-27,6950,7006,6897,6967,127.51,
2009-07-28,6962,7087,6952,7078,132.69,
2009-07-29,7100,7132,7020,7037,132.28,
2009-07-30,7030,7043,6868,6962,128.84,
2009-07-31,7005,7083,6955,7032,133.06,
2009-08-03,7032,7032,6906,6982,135.49,
2009-08-04,7048,7068,6821,6881,134.39,
2009-08-05,6880,6948,6750,6769,132.91,
2009-08-06,6783,6833,6702,6799,125.49,
2009-08-10,6807,6853,6735,6815,123.14,
2009-08-11,6815,6893,6756,6888,120.98,
2009-08-12,6845,6898,6815,6840,119.24,
2009-08-13,6880,7031,6862,7012,126.25,
2009-08-14,7046,7112,7020,7061,131.02,
2009-08-17,7014,7034,6900,6915,128.93,
2009-08-18,6890,6909,6724,6816,110.99,
2009-08-19,6830,6846,6786,6795,109.35,
2009-08-20,6730,6733,6590,6691,119.31,
2009-08-21,6701,6770,6553,6596,120.13,
2009-08-24,6724,6835,6710,6807,124.3,
2009-08-25,6797,6827,6741,6760,125.66,
2009-08-26,6780,6802,6616,6700,121.79,
2009-08-27,6670,6726,6610,6645,124.42,
2009-08-28,6666,6810,6656,6755,126.0,
2009-08-31,6765,6808,6702,6757,124.79,
2009-09-01,6757,7035,6735,7024,135.15,
2009-09-02,6965,7049,6939,7025,140.9,
2009-09-03,7012,7124,6979,7091,147.92,
2009-09-04,7110,7170,7070,7152,158.69,
2009-09-07,7180,7227,7145,7219,167.68,
2009-09-08,7260,7366,7182,7316,173.64,
2009-09-09,7300,7344,7249,7256,170.74,
2009-09-10,7320,7763,7284,7361,187.89,
2009-09-11,7336,7370,7290,7353,198.54,
2009-09-14,7315,7344,7205,7254,191.95,
2009-09-15,7298,7384,7252,7356,192.53,
2009-09-16,7410,7460,7375,7445,130.33,
2009-09-17,7504,7516,7436,7467,125.63,
2009-09-18,7440,7502,7407,7467,131.97,
2009-09-21,7486,7557,7399,7464,126.52,
2009-09-22,7487,7506,7425,7456,124.1,
2009-09-23,7462,7520,7311,7351,121.47,
2009-09-24,7351,7375,7235,7298,117.69,
2009-09-25,7250,7340,7236,7335,116.84,
2009-09-28,7286,7328,7214,7281,114.79,
2009-09-29,7333,7432,7329,7403,114.21,
2009-09-30,7428,7516,7411,7489,114.87,
2009-10-01,7516,7615,7455,7538,120.74,
2009-10-02,7450,7450,7343,7358,118.21,
2009-10-05,7358,7398,7325,7392,116.05,
2009-10-06,7431,7537,7395,7507,118.98,
2009-10-07,7588,7608,7530,7590,124.24,
2009-10-08,7589,7627,7450,7483,119.64,
2009-10-09,7513,7566,7464,7555,121.69,
2009-10-12,7578,7595,7493,7576,119.74,
2009-10-13,7541,7596,7276,7563,118.23,
2009-10-14,7598,7702,7591,7698,126.43,
2009-10-15,7780,7785,7690,7705,132.15,
2009-10-16,7721,7732,7667,7695,129.16,
2009-10-19,7650,7762,7625,7751,135.06,
2009-10-20,7799,7800,7732,7750,135.58,
2009-10-21,7746,7759,7661,7705,134.65,
2009-10-22,7612,7668,7526,7570,126.34,
2009-10-23,7599,7633,7571,7599,122.2,
2009-10-26,7612,7765,7611,7642,117.35,
2009-10-27,7602,7648,7537,7644,115.78,
2009-10-28,7610,7650,7502,7505,114.68,
2009-10-29,7380,7404,7205,7320,106.15,
2009-10-30,7372,7391,7280,7283,103.0,
2009-11-02,7150,7295,7135,7278,98.52,
2009-11-03,7285,7319,7253,7275,99.07,
2009-11-04,7304,7444,7304,7438,100.67,
2009-11-05,7430,7460,7374,7406,102.56,
2009-11-06,7500,7524,7440,7474,101.25,
2009-11-09,7523,7576,7506,7547,100.06,
2009-11-10,7625,7638,7571,7591,102.32,
2009-11-11,7610,7683,7552,7678,107.59,
2009-11-12,7699,7712,7666,7685,108.03,
2009-11-13,7653,7718,7626,7673,107.04,
2009-11-16,7692,7809,7675,7805,114.57,
2009-11-17,8000,8000,7730,7737,117.9,
2009-11-18,7768,7803,7750,7786,130.29,
2009-11-19,7745,7786,7700,7702,135.06,
2009-11-20,7680,7709,7606,7670,130.8,
2009-11-23,7670,7695,7637,7691,124.01,
2009-11-24,7700,7720,7677,7698,123.84,
2009-11-25,7690,7785,7686,7773,126.67,
2009-11-26,7770,7825,7732,7745,125.07,
2009-11-27,7642,7642,7436,7441,119.83,
2009-11-30,7555,7592,7540,7557,117.12,
2009-12-01,7580,7670,7512,7641,117.82,
2009-12-02,7670,7722,7655,7689,118.71,
2009-12-03,7733,7756,7639,7697,117.51,
2009-12-04,7665,7710,7588,7594,115.15,
2009-12-07,7613,7782,7613,7752,113.38,
2009-12-08,7748,7774,7710,7754,113.8,
2009-12-09,7705,7794,7705,7789,114.89,
2009-12-10,7794,7807,7590,7639,113.31,
2009-12-11,7660,7794,7641,7790,118.47,
2009-12-14,7790,7845,7735,7829,121.34,
2009-12-15,7829,7849,7781,7799,122.73,
2009-12-16,7804,7816,7706,7752,133.31,
2009-12-17,7715,7798,7666,7692,124.76,
2009-12-18,7651,7713,7611,7701,119.82,
2009-12-21,7704,7789,7701,7752,119.77,
2009-12-22,7780,7833,7772,7829,121.63,
2009-12-23,7850,7878,7817,7866,119.86,
2009-12-24,7874,7974,7871,7951,123.96,
2009-12-25,7968,7987,7945,7982,124.57,
2009-12-28,7993,8078,7976,8046,130.93,
2009-12-29,8043,8063,8022,8058,127.16,
2009-12-30,8055,8115,8042,8091,128.2,
2009-12-31,8105,8206,8102,8201,132.68,
2010-01-04,8195,8210,8101,8167,130.8,
2010-01-05,8207,8260,8126,8178,127.23,
2010-01-06,8198,8337,8179,8321,138.49,
2010-01-07,8320,8355,8231,8260,137.58,
2010-01-08,8279,8297,8182,8277,137.68,
2010-01-11,8291,8353,8250,8322,140.66,
2010-01-12,8319,8337,8247,8309,140.51,
2010-01-13,8262,8275,8191,8215,134.69,
2010-01-14,8240,8329,8235,8299,136.96,
2010-01-15,8310,8384,8307,8367,140.35,
2010-01-18,8302,8383,8285,8351,140.09,
2010-01-19,8362,8382,8230,8269,132.03,
2010-01-20,8301,8311,8197,8214,112.49,
2010-01-21,8180,8213,8113,8134,104.39,
2010-01-22,8048,8050,7885,7897,95.57,
2010-01-25,7801,7911,7801,7852,95.71,
2010-01-26,7840,7887,7520,7558,79.41,
2010-01-27,7581,7633,7509,7535,78.81,
2010-01-28,7575,7745,7556,7697,84.69,
2010-01-29,7594,7632,7441,7581,78.26,
2010-02-01,7575,7632,7443,7510,73.53,
2010-02-02,7574,7603,7346,7374,70.64,
2010-02-03,7466,7529,7390,7501,70.74,
2010-02-04,7500,7538,7459,7505,71.52,
2010-02-05,7291,7323,7131,7202,59.03,
2010-02-06,7220,7238,7055,7155,56.12,
2010-02-08,7158,7235,7125,7162,55.99,
2010-02-09,7175,7344,7151,7316,59.38,
2010-02-10,7354,7478,7346,7414,61.84,
2010-02-22,7615,7695,7552,7558,65.34,
2010-02-23,7534,7552,7451,7537,95.26,
2010-02-24,7466,7545,7458,7481,94.63,
2010-02-25,7513,7522,7335,7368,89.21,
2010-02-26,7383,7432,7341,7383,86.74,
2010-03-01,7410,7605,7394,7571,94.07,
2010-03-02,7608,7649,7570,7598,94.35,
2010-03-03,7599,7664,7579,7612,92.12,
2010-03-04,7624,7640,7463,7527,93.19,
2010-03-05,7599,7692,7558,7656,95.84,
2010-03-08,7731,7758,7687,7756,101.94,
2010-03-09,7760,7773,7725,7764,103.64,
2010-03-10,7765,7792,7703,7769,104.27,
2010-03-11,7798,7808,7731,7758,104.53,
2010-03-12,7785,7788,7712,7752,104.99,
2010-03-15,7750,7758,7632,7655,101.27,
2010-03-16,7645,7707,7642,7704,103.05,
2010-03-17,7743,7844,7743,7842,79.22,
2010-03-18,7840,7922,7817,7849,84.28,
2010-03-19,7862,7885,7827,7867,80.65,
2010-03-22,7835,7839,7743,7803,81.31,
2010-03-23,7842,7862,7756,7805,83.95,
2010-03-24,7860,7877,7805,7814,88.01,
2010-03-25,7798,7858,7716,7809,89.14,
2010-03-26,7803,7918,7725,7883,95.9,
2010-03-29,7903,7965,7883,7956,97.94,
2010-03-30,7980,7990,7940,7959,100.02,
2010-03-31,7941,7970,7896,7908,100.25,
2010-04-01,7928,8040,7927,8024,100.34,
2010-04-02,8030,8048,8015,8037,101.94,
2010-04-06,8061,8142,8061,8095,107.28,
2010-04-07,8110,8139,8095,8124,108.61,
2010-04-08,8106,8174,8045,8081,107.62,
2010-04-09,8075,8106,8047,8099,105.64,
2010-04-12,8155,8170,8087,8126,105.24,
2010-04-13,8099,8120,8013,8019,99.8,
2010-04-14,8061,8114,8038,8111,100.83,
2010-04-15,8160,8195,8130,8162,103.85,
2010-04-16,8140,8156,8070,8102,101.91,
2010-04-19,8020,8033,7821,7825,91.91,
2010-04-20,7873,7911,7825,7877,93.38,
2010-04-21,7940,7998,7924,7980,88.41,
2010-04-22,7901,7952,7842,7923,86.67,
2010-04-23,7952,7983,7936,7959,89.89,
2010-04-26,8060,8162,8050,8146,93.99,
2010-04-27,8149,8152,8109,8129,95.44,
2010-04-28,7963,8059,7920,8036,93.8,
2010-04-29,8041,8065,8011,8043,97.04,
2010-04-30,8128,8151,7950,7989,98.65,
2010-05-03,7920,8000,7876,7932,93.07,
2010-05-04,7980,7981,7847,7881,92.94,
2010-05-05,7692,7750,7649,7655,81.81,
2010-05-06,7635,7669,7512,7578,74.0,
2010-05-07,7350,7547,7348,7504,66.19,
2010-05-10,7557,7638,7530,7635,68.81,
2010-05-11,7635,7697,7555,7570,71.69,
2010-05-12,7620,7658,7541,7586,73.64,
2010-05-13,7695,7777,7660,7763,80.04,
2010-05-14,7720,7767,7703,7756,84.59,
2010-05-17,7670,7683,7555,7602,80.74,
2010-05-18,7615,7640,7576,7616,79.43,
2010-05-19,7535,7587,7468,7576,88.55,
2010-05-20,7502,7514,7360,7364,83.85,
2010-05-21,7157,7247,7112,7206,74.38,
2010-05-24,7228,7318,7213,7274,71.56,
2010-05-25,7190,7193,7006,7052,64.18,
2010-05-26,7137,7153,7044,7123,64.55,
2010-05-27,7104,7234,7056,7200,65.26,
2010-05-28,7292,7328,7220,7277,69.95,
2010-05-31,7294,7334,7255,7325,72.47,
2010-06-01,7291,7320,7221,7243,73.39,
2010-06-02,7197,7280,7102,7140,71.98,
2010-06-03,7250,7342,7250,7338,78.2,
2010-06-04,7342,7349,7306,7318,81.55,
2010-06-07,7107,7126,7035,7097,74.13,
2010-06-08,7097,7139,7075,7128,74.13,
2010-06-09,7081,7139,6989,7037,70.58,
2010-06-10,7055,7165,7037,7161,69.62,
2010-06-11,7290,7306,7244,7292,73.02,
2010-06-14,7370,7395,7337,7386,76.18,
2010-06-15,7388,7498,7363,7457,81.73,
2010-06-17,7509,7537,7479,7520,87.36,
2010-06-18,7363,7388,7298,7349,75.24,
2010-06-21,7446,7525,7408,7521,79.73,
2010-06-22,7480,7507,7468,7481,83.28,
2010-06-23,7430,7477,7389,7433,85.09,
2010-06-24,7438,7455,7398,7428,84.45,
2010-06-25,7341,7385,7302,7322,80.51,
2010-06-28,7327,7374,7326,7363,79.32,
2010-06-29,7395,7454,7251,7254,81.06,
2010-06-30,7120,7168,7093,7153,75.89,
2010-07-01,7124,7147,7062,7100,76.13,
2010-07-02,7132,7216,7116,7161,72.96,
2010-07-05,7185,7325,7169,7322,75.47,
2010-07-06,7258,7458,7246,7455,83.65,
2010-07-07,7450,7456,7405,7448,86.97,
2010-07-08,7568,7574,7500,7535,88.79,
2010-07-09,7542,7582,7521,7566,92.53,
2010-07-12,7585,7655,7528,7531,95.84,
2010-07-13,7575,7603,7518,7558,94.55,
2010-07-14,7655,7702,7645,7700,104.7,
2010-07-15,7676,7728,7668,7707,108.26,
2010-07-16,7703,7715,7636,7670,107.82,
2010-07-19,7599,7672,7590,7657,109.79,
2010-07-20,7655,7747,7635,7711,113.58,
2010-07-21,7755,7757,7682,7687,74.18,
2010-07-22,7586,7615,7536,7561,79.48,
2010-07-23,7640,7702,7635,7678,85.67,
2010-07-26,7716,7728,7682,7708,87.96,
2010-07-27,7726,7732,7642,7659,88.7,
2010-07-28,7672,7733,7634,7720,91.88,
2010-07-29,7720,7731,7668,7708,96.95,
2010-07-30,7685,7699,7638,7680,99.03,
2010-08-02,7750,7878,7740,7866,106.23,
2010-08-03,7917,7917,7868,7912,115.79,
2010-08-04,7885,7928,7872,7913,117.26,
2010-08-05,7938,7961,7876,7911,116.0,
2010-08-06,7894,7932,7880,7928,118.92,
2010-08-09,7917,8000,7911,7986,128.33,
2010-08-10,8001,8001,7933,7936,131.32,
2010-08-11,7885,7930,7833,7856,126.39,
2010-08-12,7782,7824,7765,7801,123.54,
2010-08-13,7813,7925,7804,7913,130.38,
2010-08-16,7858,7956,7831,7946,133.23,
2010-08-17,7933,7965,7925,7939,137.26,
2010-08-18,7957,7972,7901,7918,94.0,
2010-08-19,7900,7922,7848,7918,97.86,
2010-08-20,7882,7900,7860,7888,98.2,
2010-08-23,7881,8003,7873,7951,102.59,
2010-08-24,7920,7955,7884,7885,107.36,
2010-08-25,7844,7845,7673,7680,104.11,
2010-08-26,7676,7697,7620,7622,97.93,
2010-08-27,7605,7677,7605,7660,94.99,
2010-08-30,7736,7794,7688,7716,99.18,
2010-08-31,7663,7664,7536,7559,92.36,
2010-09-01,7570,7638,7569,7628,90.3,
2010-09-02,7708,7744,7665,7693,95.87,
2010-09-03,7723,7786,7712,7779,100.29,
2010-09-06,7833,7878,7818,7864,109.63,
2010-09-07,7863,7873,7843,7853,111.33,
2010-09-08,7820,7868,7790,7849,107.97,
2010-09-09,7877,7890,7806,7833,110.27,
2010-09-10,7889,7908,7849,7897,113.91,
2010-09-13,7950,8112,7933,8108,135.59,
2010-09-14,8120,8135,8087,8121,146.21,
2010-09-15,8151,8158,8112,8154,121.26,
2010-09-16,8154,8164,8062,8071,124.06,
2010-09-17,8098,8209,8098,8170,118.35,
2010-09-20,8143,8195,8135,8179,115.08,
2010-09-21,8236,8248,8155,8191,113.38,
2010-09-23,8180,8233,8148,8202,114.24,
2010-09-24,8172,8198,8121,8147,114.64,
2010-09-27,8213,8230,8176,8187,121.58,
2010-09-28,8160,8199,8150,8180,122.71,
2010-09-29,8219,8296,8203,8211,129.01,
2010-09-30,8216,8232,8186,8216,130.04,
2010-10-01,8248,8255,8202,8235,132.16,
2010-10-04,8236,8285,8213,8216,134.83,
2010-10-05,8204,8213,8128,8190,133.84,
2010-10-06,8266,8293,8255,8272,140.78,
2010-10-07,8272,8283,8256,8272,142.52,
2010-10-08,8268,8300,8213,8215,140.56,
2010-10-11,8240,8246,8131,8136,138.86,
2010-10-12,8153,8155,8021,8058,127.58,
2010-10-13,8081,8110,8041,8107,127.43,
2010-10-14,8170,8250,8165,8227,134.74,
2010-10-15,8209,8245,8190,8194,133.88,
2010-10-18,8172,8193,8024,8030,119.84,
2010-10-19,8037,8054,7995,8019,115.84,
2010-10-20,7952,8121,7948,8119,119.99,
2010-10-21,8080,8144,8062,8088,120.02,
2010-10-22,8122,8142,8097,8139,118.3,
2010-10-25,8160,8307,8157,8303,115.84,
2010-10-26,8306,8340,8295,8314,122.75,
2010-10-27,8330,8368,8265,8280,129.21,
2010-10-28,8302,8355,8283,8340,137.97,
2010-10-29,8316,8329,8257,8302,134.66,
2010-11-01,8330,8429,8325,8390,134.88,
2010-11-02,8395,8402,8362,8367,130.19,
2010-11-03,8405,8422,8283,8323,125.59,
2010-11-04,8340,8388,8325,8371,125.52,
2010-11-05,8471,8499,8442,8464,130.01,
2010-11-08,8481,8488,8431,8450,126.56,
2010-11-09,8441,8471,8433,8466,125.47,
2010-11-10,8476,8492,8435,8482,125.91,
2010-11-11,8471,8480,8446,8451,126.13,
2010-11-12,8436,8437,8302,8311,121.04,
2010-11-15,8300,8310,8229,8270,112.17,
2010-11-16,8235,8342,8219,8289,116.95,
2010-11-17,8235,8298,8226,8246,113.18,
2010-11-18,8253,8294,8240,8291,106.36,
2010-11-19,8340,8360,8258,8290,105.75,
2010-11-22,8316,8396,8312,8369,110.84,
2010-11-23,8372,8375,8307,8329,111.26,
2010-11-24,8279,8352,8272,8303,111.1,
2010-11-25,8315,8362,8307,8339,114.36,
2010-11-26,8358,8358,8294,8298,118.59,
2010-11-29,8348,8395,8312,8379,114.64,
2010-11-30,8391,8449,8372,8401,121.06,
2010-12-01,8410,8550,8409,8547,124.77,
2010-12-02,8610,8643,8591,8618,138.5,
2010-12-03,8644,8647,8608,8628,147.07,
2010-12-06,8638,8714,8633,8695,155.1,
2010-12-07,8703,8717,8653,8713,154.13,
2010-12-08,8718,8720,8676,8700,155.67,
2010-12-09,8720,8797,8718,8788,154.91,
2010-12-10,8754,8764,8699,8743,152.48,
2010-12-13,8733,8765,8724,8737,156.33,
2010-12-14,8748,8792,8711,8737,156.98,
2010-12-15,8733,8747,8705,8727,110.7,
2010-12-16,8761,8793,8753,8773,109.84,
2010-12-17,8780,8840,8777,8808,109.63,
2010-12-20,8816,8832,8728,8763,112.34,
2010-12-21,8780,8847,8762,8845,112.01,
2010-12-22,8860,8872,8833,8852,111.69,
2010-12-23,8850,8909,8847,8898,114.43,
2010-12-24,8893,8898,8868,8879,114.95,
2010-12-27,8860,8917,8832,8884,116.9,
2010-12-28,8889,8905,8830,8877,116.73,
2010-12-29,8859,8895,8842,8872,117.6,
2010-12-30,8876,8918,8866,8905,119.04,
2010-12-31,8894,8996,8892,8987,124.55,
2011-01-03,9005,9030,8996,9020,128.13,
2011-01-04,9030,9032,8973,8976,126.3,
2011-01-05,8961,9005,8612,8839,117.69,
2011-01-06,8850,8875,8814,8868,114.87,
2011-01-07,8865,8883,8728,8753,113.53,
2011-01-10,8731,8799,8731,8787,113.55,
2011-01-11,8788,8949,8760,8940,116.19,
2011-01-12,8953,9002,8944,8965,119.64,
2011-01-13,9002,9017,8915,8969,122.77,
2011-01-14,8957,8981,8931,8969,122.21,
2011-01-17,8982,9001,8915,8920,117.19,
2011-01-18,8908,9011,8870,8973,120.58,
2011-01-19,9000,9084,8983,9083,103.59,
2011-01-20,9023,9032,8996,9007,105.18,
2011-01-21,8973,8977,8860,8906,102.93,
2011-01-24,8920,8955,8910,8944,101.76,
2011-01-25,8995,9030,8965,8967,104.61,
2011-01-26,8979,9072,8970,9051,106.55,
2011-01-27,9073,9126,9068,9103,104.83,
2011-01-28,9112,9141,9094,9136,108.59,
2011-02-08,9180,9197,9063,9099,109.21,
2011-02-09,9065,9109,8975,9012,108.28,
2011-02-10,8985,8985,8816,8823,98.57,
2011-02-11,8803,8828,8523,8564,79.39,
2011-02-14,8606,8692,8600,8645,78.41,
2011-02-15,8644,8732,8531,8697,80.67,
2011-02-16,8733,8756,8695,8719,85.54,
2011-02-17,8645,8675,8590,8625,97.04,
2011-02-18,8698,8845,8675,8809,101.32,
2011-02-21,8803,8814,8732,8809,102.94,
2011-02-22,8733,8733,8561,8620,94.95,
2011-02-23,8580,8637,8481,8521,88.63,
2011-02-24,8501,8609,8501,8531,85.42,
2011-02-25,8564,8630,8432,8615,81.17,
2011-03-01,8691,8715,8633,8690,87.44,
2011-03-02,8628,8673,8582,8601,92.15,
2011-03-03,8650,8755,8630,8739,97.49,
2011-03-04,8800,8800,8754,8761,101.35,
2011-03-07,8741,8763,8678,8721,99.18,
2011-03-08,8701,8758,8701,8740,100.45,
2011-03-09,8790,8798,8698,8758,102.47,
2011-03-10,8765,8765,8608,8623,95.72,
2011-03-11,8552,8574,8481,8559,88.09,
2011-03-14,8538,8568,8366,8504,84.06,
2011-03-15,8508,8525,8027,8257,68.3,
2011-03-16,8400,8411,8263,8305,101.82,
2011-03-17,8173,8274,8129,8257,101.28,
2011-03-18,8307,8345,8270,8321,103.57,
2011-03-21,8345,8444,8329,8391,106.76,
2011-03-22,8430,8479,8415,8417,107.89,
2011-03-23,8405,8510,8393,8451,111.22,
2011-03-24,8505,8548,8480,8527,113.01,
2011-03-25,8584,8624,8548,8577,116.95,
2011-03-28,8579,8584,8495,8520,117.76,
2011-03-29,8498,8576,8475,8573,117.62,
2011-03-30,8600,8650,8583,8592,116.96,
2011-03-31,8606,8645,8557,8640,116.66,
2011-04-01,8640,8689,8630,8684,117.28,
2011-04-06,8727,8863,8726,8839,126.66,
2011-04-07,8874,8902,8825,8896,130.41,
2011-04-08,8897,8933,8850,8868,131.19,
2011-04-11,8854,8882,8821,8859,133.95,
2011-04-12,8820,8822,8703,8706,124.62,
2011-04-13,8707,8810,8696,8807,125.73,
2011-04-14,8795,8851,8751,8796,129.17,
2011-04-15,8788,8820,8681,8705,127.63,
2011-04-18,8686,8759,8675,8708,126.72,
2011-04-19,8652,8671,8585,8627,120.43,
2011-04-20,8694,8800,8694,8792,117.81,
2011-04-21,8888,9004,8878,8989,123.34,
2011-04-22,8990,9008,8972,8991,115.02,
2011-04-25,9002,9050,8943,8974,116.73,
2011-04-26,8927,8982,8870,8968,116.35,
2011-04-27,9050,9078,9031,9059,122.4,
2011-04-28,9093,9099,9006,9014,117.97,
2011-04-29,9011,9048,8931,9024,115.23,
2011-05-03,9039,9069,8896,8933,113.88,
2011-05-04,8905,8958,8861,8936,112.24,
2011-05-05,8903,9057,8885,9050,120.07,
2011-05-06,8980,9022,8957,9014,118.68,
2011-05-09,9022,9110,9001,9063,122.29,
2011-05-10,9060,9072,9026,9045,116.55,
2011-05-11,9100,9118,9013,9020,112.52,
2011-05-12,8951,9067,8943,9028,113.32,
2011-05-13,9028,9063,9000,9029,114.7,
2011-05-16,8984,9026,8915,8926,111.87,
2011-05-17,8916,8936,8847,8911,108.45,
2011-05-18,8920,8947,8896,8934,109.16,
2011-05-19,8964,9043,8837,8841,117.13,
2011-05-20,8881,8915,8806,8817,111.84,
2011-05-23,8752,8772,8669,8734,108.89,
2011-05-24,8720,8767,8660,8763,107.21,
2011-05-25,8748,8750,8651,8679,105.67,
2011-05-26,8755,8795,8720,8785,108.43,
2011-05-27,8780,8854,8769,8780,110.37,
2011-05-30,8767,8826,8709,8816,110.42,
2011-05-31,8858,9035,8856,9018,124.88,
2011-06-01,9028,9106,9007,9086,125.21,
2011-06-02,8997,9057,8975,9028,118.62,
2011-06-03,9050,9078,8999,9070,120.85,
2011-06-07,9035,9092,8973,9089,119.48,
2011-06-08,9078,9087,9003,9030,119.82,
2011-06-09,9005,9049,8993,9029,122.65,
2011-06-10,9060,9070,8812,8829,110.24,
2011-06-13,8783,8806,8682,8743,97.58,
2011-06-14,8748,8848,8733,8845,104.75,
2011-06-15,8840,8877,8731,8839,101.79,
2011-06-16,8547,8558,8481,8494,109.09,
2011-06-17,8494,8543,8436,8462,108.1,
2011-06-20,8500,8525,8366,8399,107.25,
2011-06-21,8461,8485,8400,8465,105.48,
2011-06-22,8513,8525,8416,8442,102.4,
2011-06-23,8422,8473,8388,8397,101.81,
2011-06-24,8420,8431,8365,8410,96.64,
2011-06-27,8327,8373,8260,8335,92.78,
2011-06-28,8383,8396,8305,8310,93.08,
2011-06-29,8370,8485,8353,8470,97.73,
2011-06-30,8475,8528,8456,8505,100.38,
2011-07-01,8558,8615,8544,8572,101.69,
2011-07-04,8625,8656,8598,8601,101.77,
2011-07-05,8614,8631,8585,8629,99.81,
2011-07-06,8625,8714,8622,8690,104.59,
2011-07-07,8690,8713,8665,8689,103.62,
2011-07-08,8701,8767,8636,8643,104.79,
2011-07-11,8606,8630,8574,8600,101.74,
2011-07-12,8517,8538,8413,8422,90.97,
2011-07-13,8434,8483,8410,8463,89.31,
2011-07-14,8433,8506,8360,8481,89.29,
2011-07-15,8477,8570,8451,8563,94.0,
2011-07-18,8520,8592,8470,8486,95.01,
2011-07-19,8500,8545,8487,8532,96.4,
2011-07-20,8615,8709,8611,8697,103.75,
2011-07-21,8631,8654,8613,8651,103.82,
2011-07-22,8710,8740,8681,8694,108.31,
2011-07-25,8658,8688,8587,8605,108.74,
2011-07-26,8627,8744,8627,8734,110.99,
2011-07-27,8711,8770,8707,8761,111.66,
2011-07-28,8695,8734,8661,8726,114.53,
2011-07-29,8701,8725,8592,8610,111.77,
2011-08-01,8708,8729,8655,8682,109.07,
2011-08-02,8605,8611,8535,8573,104.77,
2011-08-03,8405,8454,8368,8436,93.95,
2011-08-04,8431,8488,8278,8289,84.15,
2011-08-05,7709,7988,7709,7765,63.36,
2011-08-08,7750,7770,7260,7556,53.15,
2011-08-09,7250,7606,7092,7535,54.75,
2011-08-10,7640,7698,7582,7667,55.72,
2011-08-11,7560,7748,7462,7699,60.57,
2011-08-12,7748,7794,7565,7592,62.37,
2011-08-15,7683,7831,7683,7822,65.77,
2011-08-16,7853,7875,7734,7772,66.39,
2011-08-17,7750,7824,7718,7754,64.16,
2011-08-18,7594,7595,7447,7498,84.45,
2011-08-19,7266,7356,7190,7197,85.93,
2011-08-22,7189,7433,7161,7251,90.65,
2011-08-23,7310,7543,7296,7504,94.56,
2011-08-24,7544,7549,7341,7422,93.25,
2011-08-25,7532,7558,7346,7360,92.6,
2011-08-26,7377,7490,7355,7444,91.46,
2011-08-29,7465,7610,7440,7529,91.75,
2011-08-30,7600,7632,7548,7601,90.95,
2011-08-31,7617,7714,7556,7707,88.54,
2011-09-01,7750,7848,7682,7699,92.81,
2011-09-02,7700,7745,7651,7713,91.59,
2011-09-05,7576,7586,7466,7477,86.9,
2011-09-06,7400,7488,7313,7336,84.7,
2011-09-07,7455,7539,7411,7535,84.99,
2011-09-08,7572,7598,7476,7547,86.99,
2011-09-09,7547,7653,7510,7602,84.27,
2011-09-13,7506,7538,7335,7369,79.34,
2011-09-14,7396,7462,7161,7193,77.32,
2011-09-15,7350,7449,7324,7405,78.85,
2011-09-16,7518,7628,7507,7608,88.46,
2011-09-19,7583,7585,7455,7477,89.05,
2011-09-20,7437,7566,7369,7486,89.95,
2011-09-21,7503,7590,7452,7537,105.79,
2011-09-22,7383,7385,7251,7275,107.5,
2011-09-23,7028,7103,6972,7048,97.79,
2011-09-26,7048,7048,6855,6882,91.62,
2011-09-27,7040,7135,7030,7129,93.02,
2011-09-28,7197,7198,7068,7102,95.89,
2011-09-29,7045,7208,7022,7181,98.97,
2011-09-30,7185,7229,7132,7181,103.81,
2011-10-03,7045,7085,6960,7017,98.07,
2011-10-04,6890,7098,6871,7090,97.68,
2011-10-05,7062,7086,6973,6988,96.74,
2011-10-06,7106,7189,7099,7122,98.01,
2011-10-07,7239,7260,7184,7192,99.28,
2011-10-11,7355,7409,7336,7406,105.53,
2011-10-12,7377,7425,7341,7389,104.57,
2011-10-13,7450,7459,7375,7393,104.31,
2011-10-14,7362,7399,7353,7374,104.45,
2011-10-17,7458,7495,7409,7454,104.51,
2011-10-18,7351,7389,7313,7340,101.94,
2011-10-19,7363,7382,7320,7330,100.41,
2011-10-20,7350,7358,7212,7216,82.32,
2011-10-21,7228,7272,7192,7260,82.19,
2011-10-24,7380,7502,7375,7492,89.59,
2011-10-25,7492,7519,7464,7471,89.06,
2011-10-26,7420,7573,7408,7545,91.45,
2011-10-27,7553,7603,7503,7591,92.92,
2011-10-28,7730,7777,7612,7628,94.53,
2011-10-31,7634,7683,7548,7562,92.03,
2011-11-01,7586,7684,7522,7638,91.95,
2011-11-02,7500,7632,7453,7604,91.05,
2011-11-03,7568,7580,7438,7446,89.79,
2011-11-04,7593,7665,7572,7628,92.03,
2011-11-07,7620,7656,7591,7635,92.59,
2011-11-08,7632,7709,7580,7589,93.33,
2011-11-09,7657,7672,7576,7612,94.12,
2011-11-10,7447,7455,7276,7317,81.8,
2011-11-11,7329,7383,7288,7356,80.71,
2011-11-14,7474,7562,7474,7542,87.64,
2011-11-15,7512,7549,7480,7501,87.08,
2011-11-16,7528,7561,7385,7398,87.53,
2011-11-17,7325,7409,7284,7401,86.6,
2011-11-18,7294,7330,7235,7246,84.84,
2011-11-21,7184,7190,7016,7051,78.02,
2011-11-22,7040,7102,6971,7021,79.98,
2011-11-23,6979,6988,6798,6823,74.74,
2011-11-24,6833,6903,6765,6831,71.76,
2011-11-25,6845,6955,6725,6754,70.32,
2011-11-28,6896,6925,6851,6916,69.84,
2011-11-29,6970,6995,6912,6973,68.95,
2011-11-30,6942,6957,6826,6902,68.93,
2011-12-01,7200,7250,7140,7210,76.03,
2011-12-02,7218,7218,7117,7156,77.24,
2011-12-05,7162,7167,7052,7131,76.15,
2011-12-06,7100,7105,6954,6982,72.73,
2011-12-07,7016,7062,7006,7050,72.49,
2011-12-08,7021,7028,6907,6963,71.72,
2011-12-09,6800,6933,6790,6887,69.05,
2011-12-12,6966,7015,6932,6941,69.77,
2011-12-13,6850,6930,6837,6894,69.07,
2011-12-14,6885,6925,6857,6921,70.37,
2011-12-15,6852,6857,6750,6753,66.15,
2011-12-16,6780,6803,6746,6772,65.44,
2011-12-19,6687,6741,6613,6634,61.37,
2011-12-20,6670,6704,6664,6669,61.78,
2011-12-21,6820,6959,6820,6952,77.26,
2011-12-22,6945,6980,6936,6955,75.72,
2011-12-23,7032,7124,7031,7107,77.8,
2011-12-26,7118,7118,7073,7103,77.64,
2011-12-27,7098,7113,7035,7084,77.19,
2011-12-28,7055,7088,7038,7053,79.07,
2011-12-29,7012,7078,7000,7074,79.44,
2011-12-30,7115,7148,7037,7039,81.63,
2012-01-02,7020,7052,6928,6945,81.42,
2012-01-03,7025,7087,7002,7047,86.49,
2012-01-04,7080,7108,7043,7072,92.31,
2012-01-05,7084,7124,7061,7119,95.07,
2012-01-06,7101,7117,7061,7084,97.77,
2012-01-09,7053,7083,7026,7057,98.93,
2012-01-10,7110,7180,7109,7167,104.34,
2012-01-11,7188,7195,7168,7179,103.86,
2012-01-12,7186,7193,7161,7185,104.03,
2012-01-13,7229,7263,7147,7161,103.54,
2012-01-16,7239,7280,7071,7090,100.75,
2012-01-17,7166,7228,7119,7225,104.09,
2012-01-18,7220,7247,7192,7207,105.47,
2012-01-30,7326,7448,7326,7392,108.99,
2012-01-31,7446,7503,7421,7468,106.33,
2012-02-01,7495,7548,7475,7522,111.46,
2012-02-02,7622,7650,7566,7641,116.71,
2012-02-03,7621,7650,7602,7640,117.45,
2012-02-04,7713,7758,7692,7733,123.25,
2012-02-06,7710,7724,7668,7683,120.23,
2012-02-07,7700,7750,7674,7720,120.54,
2012-02-08,7755,7894,7755,7888,127.94,
2012-02-09,7865,7933,7830,7920,131.71,
2012-02-10,7885,7928,7850,7865,131.42,
2012-02-13,7867,7937,7841,7905,131.52,
2012-02-14,7900,7914,7807,7874,125.91,
2012-02-15,7913,8010,7891,8005,101.24,
2012-02-16,7962,7994,7867,7905,102.21,
2012-02-17,7978,8020,7880,7929,101.12,
2012-02-20,7988,8003,7926,7957,101.14,
2012-02-21,7956,7975,7855,7947,101.88,
2012-02-22,7920,8036,7890,8005,105.13,
2012-02-23,7963,7990,7941,7963,101.53,
2012-02-24,7953,7975,7883,7943,102.97,
2012-02-29,7999,8126,7997,8111,109.59,
2012-03-01,8138,8177,8113,8139,112.1,
2012-03-02,8177,8187,8113,8152,109.45,
2012-03-03,8132,8132,8087,8120,108.72,
2012-03-05,8098,8108,8003,8038,105.72,
2012-03-06,8018,8035,7872,7945,100.55,
2012-03-07,7850,7928,7840,7892,101.23,
2012-03-08,7928,7999,7882,7976,105.68,
2012-03-09,7992,8030,7942,8003,105.47,
2012-03-12,7982,8008,7908,7927,102.36,
2012-03-13,7961,8065,7960,8032,103.96,
2012-03-14,8156,8188,8132,8140,109.23,
2012-03-15,8142,8159,8090,8135,110.46,
2012-03-16,8120,8142,8058,8068,107.81,
2012-03-19,8106,8115,7972,8050,106.23,
2012-03-20,8064,8078,7952,7984,102.42,
2012-03-21,7950,8016,7950,7980,112.05,
2012-03-22,8000,8095,7986,8081,112.04,
2012-03-23,8080,8097,8052,8080,106.83,
2012-03-26,8091,8097,7938,7959,104.02,
2012-03-27,8000,8023,7973,8012,105.94,
2012-03-28,8011,8078,7996,8028,105.66,
2012-03-29,7995,8006,7820,7849,102.98,
2012-03-30,7803,7906,7786,7886,100.06,
2012-04-02,7888,7904,7833,7865,99.11,
2012-04-03,7887,7919,7737,7778,91.58,
2012-04-05,7640,7666,7524,7619,83.46,
2012-04-06,7619,7688,7613,7672,86.74,
2012-04-09,7562,7633,7503,7577,85.86,
2012-04-10,7628,7683,7578,7610,83.85,
2012-04-11,7509,7649,7507,7638,83.21,
2012-04-12,7625,7649,7568,7634,82.07,
2012-04-13,7695,7765,7685,7755,84.88,
2012-04-16,7700,7734,7681,7712,83.38,
2012-04-17,7720,7739,7585,7597,77.22,
2012-04-18,7670,7690,7600,7620,111.52,
2012-04-19,7600,7626,7511,7613,111.49,
2012-04-20,7590,7599,7490,7515,108.44,
2012-04-23,7500,7510,7417,7478,101.41,
2012-04-24,7440,7533,7434,7488,105.05,
2012-04-25,7533,7572,7510,7539,108.67,
2012-04-26,7570,7584,7480,7496,109.68,
2012-04-27,7536,7560,7435,7446,106.31,
2012-04-30,7450,7469,7396,7465,103.35,
2012-05-02,7498,7683,7491,7675,109.42,
2012-05-03,7675,7675,7636,7657,110.18,
2012-05-04,7620,7684,7583,7664,113.07,
2012-05-07,7564,7578,7491,7502,100.7,
2012-05-08,7523,7544,7493,7520,96.81,
2012-05-09,7480,7490,7418,7459,89.97,
2012-05-10,7426,7516,7426,7479,87.02,
2012-05-11,7472,7472,7356,7366,84.53,
2012-05-14,7382,7398,7327,7369,83.25,
2012-05-15,7306,7406,7291,7384,83.69,
2012-05-16,7359,7387,7249,7255,111.42,
2012-05-17,7262,7333,7251,7314,111.31,
2012-05-18,7198,7230,7128,7135,108.8,
2012-05-21,7175,7208,7156,7184,102.69,
2012-05-22,7260,7262,7202,7236,105.17,
2012-05-23,7165,7171,7091,7135,105.32,
2012-05-24,7155,7177,7082,7129,105.77,
2012-05-25,7160,7160,7048,7058,105.26,
2012-05-28,7071,7132,7025,7114,107.77,
2012-05-29,7109,7336,7105,7294,117.34,
2012-05-30,7274,7274,7196,7234,115.72,
2012-05-31,7134,7255,7086,7217,113.1,
2012-06-01,7223,7223,7075,7096,111.35,
2012-06-04,6921,6934,6832,6869,98.2,
2012-06-05,6943,7005,6925,6970,99.79,
2012-06-06,6992,7055,6958,7015,104.63,
2012-06-07,7145,7145,7020,7047,105.01,
2012-06-08,7010,7040,6946,6955,104.24,
2012-06-11,7075,7136,7060,7092,105.16,
2012-06-12,6982,7037,6962,7019,102.59,
2012-06-13,7042,7070,7002,7048,104.8,
2012-06-14,7035,7108,7032,7063,104.22,
2012-06-15,7045,7162,7043,7154,107.43,
2012-06-18,7305,7323,7245,7265,114.49,
2012-06-19,7260,7270,7234,7265,114.45,
2012-06-20,7300,7319,7281,7311,101.59,
2012-06-21,7165,7166,7093,7117,104.66,
2012-06-22,7020,7048,6996,7034,104.65,
2012-06-25,6950,6978,6939,6948,101.68,
2012-06-26,6939,6960,6923,6939,97.34,
2012-06-27,6919,7005,6898,6986,100.03,
2012-06-28,7025,7037,6962,7001,101.25,
2012-06-29,6981,7128,6981,7114,105.81,
2012-07-02,7114,7151,7107,7136,108.34,
2012-07-03,7170,7280,7160,7228,113.75,
2012-07-04,7261,7326,7250,7290,117.37,
2012-07-05,7298,7320,7277,7297,116.32,
2012-07-06,7288,7318,7237,7272,112.38,
2012-07-09,7213,7272,7202,7236,108.0,
2012-07-10,7250,7269,7162,7181,103.26,
2012-07-11,7151,7204,7133,7186,102.69,
2012-07-12,7180,7189,7068,7079,90.13,
2012-07-13,7079,7107,7045,7071,88.93,
2012-07-16,7096,7110,7021,7057,85.74,
2012-07-17,7042,7136,7030,7107,90.65,
2012-07-18,7116,7116,7056,7060,98.08,
2012-07-19,6965,7032,6945,7022,98.39,
2012-07-20,7020,7039,6996,7013,99.8,
2012-07-23,6936,6936,6844,6873,93.18,
2012-07-24,6862,6888,6850,6874,93.62,
2012-07-25,6792,6912,6776,6846,92.4,
2012-07-26,6860,6905,6833,6875,92.66,
2012-07-27,6968,7032,6946,7028,98.35,
2012-07-30,7097,7102,7056,7078,100.52,
2012-07-31,7098,7178,7061,7157,108.89,
2012-08-01,7131,7211,7131,7194,113.64,
2012-08-03,7142,7165,7116,7140,105.05,
2012-08-06,7265,7314,7235,7237,106.12,
2012-08-07,7237,7263,7223,7236,102.79,
2012-08-08,7300,7336,7278,7300,105.01,
2012-08-09,7353,7451,7346,7438,115.8,
2012-08-10,7459,7465,7425,7444,115.72,
2012-08-13,7437,7475,7430,7453,112.97,
2012-08-14,7478,7545,7451,7495,118.1,
2012-08-15,7493,7497,7433,7468,97.78,
2012-08-16,7461,7520,7441,7493,97.27,
2012-08-17,7510,7511,7468,7474,97.43,
2012-08-20,7474,7475,7397,7441,98.13,
2012-08-21,7463,7552,7456,7515,99.13,
2012-08-22,7486,7508,7453,7490,99.24,
2012-08-23,7475,7533,7468,7513,100.33,
2012-08-24,7454,7490,7441,7487,99.13,
2012-08-27,7528,7551,7452,7454,98.84,
2012-08-28,7432,7442,7376,7399,94.1,
2012-08-29,7401,7413,7381,7403,95.42,
2012-08-30,7360,7394,7341,7367,95.68,
2012-08-31,7369,7419,7363,7382,97.07,
2012-09-03,7356,7465,7352,7442,97.94,
2012-09-04,7442,7469,7431,7448,98.21,
2012-09-05,7402,7410,7340,7344,94.77,
2012-09-06,7329,7368,7286,7332,93.24,
2012-09-07,7460,7480,7404,7419,94.33,
2012-09-10,7424,7468,7413,7456,100.3,
2012-09-11,7448,7490,7438,7465,103.32,
2012-09-12,7510,7587,7506,7583,107.32,
2012-09-13,7588,7609,7571,7576,105.61,
2012-09-14,7698,7758,7671,7738,121.53,
2012-09-17,7731,7767,7726,7750,126.02,
2012-09-18,7735,7769,7713,7749,130.02,
2012-09-19,7749,7794,7740,7767,111.52,
2012-09-20,7777,7786,7716,7749,110.41,
2012-09-21,7771,7782,7748,7761,107.82,
2012-09-24,7743,7811,7686,7775,107.83,
2012-09-25,7778,7810,7745,7756,106.5,
2012-09-26,7696,7725,7669,7700,102.46,
2012-09-27,7680,7730,7679,7728,101.89,
2012-09-28,7731,7748,7666,7719,99.17,
2012-10-01,7692,7706,7666,7684,100.76,
2012-10-02,7720,7748,7693,7729,101.82,
2012-10-03,7738,7741,7688,7704,99.93,
2012-10-04,7710,7715,7633,7706,94.36,
2012-10-05,7716,7733,7681,7701,94.42,
2012-10-08,7680,7692,7613,7625,91.57,
2012-10-09,7628,7646,7595,7596,91.47,
2012-10-11,7503,7508,7442,7444,79.92,
2012-10-12,7436,7462,7384,7413,74.93,
2012-10-15,7391,7434,7386,7425,74.07,
2012-10-16,7462,7463,7435,7458,76.15,
2012-10-17,7501,7525,7452,7460,96.33,
2012-10-18,7463,7478,7442,7453,94.16,
2012-10-19,7465,7468,7385,7387,92.98,
2012-10-22,7290,7360,7287,7347,90.81,
2012-10-23,7342,7350,7294,7299,90.11,
2012-10-24,7235,7346,7225,7303,89.75,
2012-10-25,7305,7320,7251,7254,88.62,
2012-10-26,7234,7287,7090,7092,84.58,
2012-10-29,7112,7154,7092,7121,86.63,
2012-10-30,7165,7220,7142,7162,88.91,
2012-10-31,7195,7212,7125,7141,89.44,
2012-11-01,7091,7192,7030,7172,82.05,
2012-11-02,7219,7226,7182,7201,82.04,
2012-11-05,7195,7221,7146,7181,81.32,
2012-11-06,7183,7259,7163,7256,82.71,
2012-11-07,7235,7292,7193,7256,84.98,
2012-11-08,7173,7219,7160,7201,84.91,
2012-11-09,7146,7300,7127,7286,88.3,
2012-11-12,7270,7305,7238,7243,88.14,
2012-11-13,7233,7238,7092,7094,81.9,
2012-11-14,7086,7149,7076,7128,82.0,
2012-11-15,7096,7155,7035,7121,80.17,
2012-11-16,7121,7179,7082,7107,80.52,
2012-11-19,7137,7168,7120,7121,79.82,
2012-11-20,7173,7179,7131,7159,81.9,
2012-11-21,7174,7176,7051,7084,103.76,
2012-11-22,7090,7115,7080,7089,104.73,
2012-11-23,7119,7328,7118,7319,109.01,
2012-11-26,7370,7410,7357,7388,110.8,
2012-11-27,7407,7435,7380,7421,112.96,
2012-11-28,7419,7440,7390,7429,113.44,
2012-11-29,7473,7538,7465,7525,121.16,
2012-11-30,7532,7604,7523,7594,125.4,
2012-12-03,7605,7647,7561,7599,125.67,
2012-12-04,7570,7604,7548,7593,125.36,
2012-12-05,7583,7678,7575,7651,127.92,
2012-12-06,7665,7672,7622,7639,128.03,
2012-12-07,7657,7692,7642,7659,129.99,
2012-12-10,7681,7684,7601,7623,125.59,
2012-12-11,7636,7645,7580,7638,125.56,
2012-12-12,7666,7724,7652,7695,133.17,
2012-12-13,7718,7777,7709,7773,135.7,
2012-12-14,7743,7747,7701,7704,129.21,
2012-12-17,7690,7707,7616,7649,120.5,
2012-12-18,7659,7666,7621,7653,119.34,
2012-12-19,7696,7709,7655,7659,106.31,
2012-12-20,7635,7637,7556,7559,100.06,
2012-12-21,7559,7578,7471,7492,96.17,
2012-12-22,7526,7557,7520,7527,96.86,
2012-12-24,7517,7565,7490,7521,98.05,
2012-12-25,7550,7688,7538,7671,104.67,
2012-12-26,7650,7685,7623,7632,102.04,
2012-12-27,7603,7667,7583,7628,100.64,
2012-12-28,7651,7709,7645,7677,101.96,
2013-01-02,7725,7804,7701,7773,108.43,
2013-01-03,7813,7835,7803,7824,113.14,
2013-01-04,7803,7809,7751,7775,110.68,
2013-01-07,7748,7775,7701,7741,107.12,
2013-01-08,7725,7747,7672,7709,102.37,
2013-01-09,7682,7773,7682,7738,107.4,
2013-01-10,7765,7847,7761,7833,112.24,
2013-01-11,7860,7867,7796,7802,112.0,
2013-01-14,7762,7828,7705,7823,112.49,
2013-01-15,7810,7813,7728,7743,106.82,
2013-01-16,7732,7768,7698,7718,102.75,
2013-01-17,7705,7767,7582,7614,95.34,
2013-01-18,7672,7723,7666,7712,98.26,
2013-01-21,7680,7743,7645,7704,98.93,
2013-01-22,7726,7765,7672,7748,104.8,
2013-01-23,7776,7788,7715,7722,103.42,
2013-01-24,7685,7728,7625,7683,98.18,
2013-01-25,7670,7688,7612,7650,93.69,
2013-01-28,7635,7735,7621,7727,99.88,
2013-01-29,7755,7822,7736,7812,109.21,
2013-01-30,7850,7859,7792,7796,113.01,
2013-01-31,7803,7850,7777,7846,107.24,
2013-02-01,7850,7900,7825,7859,107.16,
2013-02-04,7878,7952,7871,7939,109.03,
2013-02-05,7893,7912,7869,7901,103.32,
2013-02-06,7920,7952,7891,7901,105.59,
2013-02-18,7965,7978,7913,7936,110.49,
2013-02-19,7959,7970,7941,7958,113.57,
2013-02-20,7994,8027,7983,8022,109.91,
2013-02-21,7995,7997,7948,7949,110.49,
2013-02-22,7937,7975,7902,7951,111.38,
2013-02-23,7974,7995,7971,7992,111.67,
2013-02-25,7985,7990,7935,7941,108.48,
2013-02-26,7890,7920,7861,7883,105.74,
2013-02-27,7907,7908,7860,7879,114.78,
2013-03-01,7937,7950,7921,7936,116.54,
2013-03-04,7941,7941,7827,7844,109.88,
2013-03-05,7869,7930,7862,7911,111.89,
2013-03-06,7980,7998,7935,7945,108.66,
2013-03-07,7930,7982,7921,7939,107.22,
2013-03-08,7968,8032,7963,8008,114.64,
2013-03-11,8008,8068,7993,8042,117.87,
2013-03-12,8048,8058,7983,7998,111.32,
2013-03-13,7998,8035,7951,7989,110.0,
2013-03-14,7988,7995,7941,7950,104.94,
2013-03-15,7974,7986,7906,7909,101.72,
2013-03-18,7865,7870,7789,7792,91.03,
2013-03-19,7830,7852,7816,7831,92.66,
2013-03-20,7784,7842,7773,7795,90.87,
2013-03-21,7800,7817,7782,7796,95.72,
2013-03-22,7775,7814,7765,7774,97.9,
2013-03-25,7838,7865,7826,7850,105.0,
2013-03-26,7845,7848,7822,7835,111.64,
2013-03-27,7841,7875,7827,7862,105.98,
2013-03-28,7860,7875,7820,7843,107.23,
2013-03-29,7873,7935,7872,7923,117.66,
2013-04-01,7933,7943,7908,7918,116.27,
2013-04-02,7903,7927,7875,7903,114.85,
2013-04-03,7940,7953,7910,7936,109.95,
2013-04-08,7876,7876,7733,7737,92.39,
2013-04-09,7730,7750,7697,7708,89.41,
2013-04-10,7738,7744,7712,7726,93.19,
2013-04-11,7776,7825,7759,7816,104.35,
2013-04-12,7833,7833,7783,7784,103.42,
2013-04-15,7762,7816,7730,7761,99.93,
2013-04-16,7702,7786,7693,7775,100.5,
2013-04-17,7789,7809,7772,7808,102.96,
2013-04-18,7715,7774,7700,7750,112.63,
2013-04-19,7778,7945,7776,7942,125.3,
2013-04-22,7964,7976,7938,7955,125.14,
2013-04-23,7942,7950,7896,7926,124.87,
2013-04-24,7970,8015,7948,7992,120.75,
2013-04-25,7977,8009,7970,8005,119.67,
2013-04-26,8009,8066,7995,7997,124.57,
2013-04-29,8003,8042,8000,8021,125.28,
2013-04-30,8067,8123,8062,8098,130.83,
2013-05-02,8080,8127,8080,8119,127.19,
2013-05-03,8150,8175,8119,8140,129.54,
2013-05-06,8198,8209,8154,8168,131.44,
2013-05-07,8169,8187,8150,8174,124.81,
2013-05-08,8190,8302,8187,8269,133.61,
2013-05-09,8303,8330,8290,8313,143.27,
2013-05-10,8292,8312,8280,8309,134.12,
2013-05-13,8315,8316,8229,8260,127.53,
2013-05-14,8282,8307,8244,8272,128.29,
2013-05-15,8310,8311,8260,8303,89.42,
2013-05-16,8330,8440,8323,8423,95.39,
2013-05-17,8400,8422,8386,8401,96.9,
2013-05-20,8405,8405,8340,8386,96.88,
2013-05-21,8381,8442,8357,8390,101.13,
2013-05-22,8429,8449,8392,8396,99.97,
2013-05-23,8350,8355,8210,8213,92.25,
2013-05-24,8233,8248,8146,8220,92.14,
2013-05-27,8190,8268,8183,8257,98.13,
2013-05-28,8276,8283,8245,8257,98.73,
2013-05-29,8258,8345,8246,8315,113.93,
2013-05-30,8291,8302,8203,8230,102.22,
2013-05-31,8264,8342,8225,8242,101.76,
2013-06-03,8146,8206,8086,8191,98.6,
2013-06-04,8230,8230,8150,8162,96.15,
2013-06-05,8130,8195,8124,8146,99.08,
2013-06-06,8098,8130,8061,8102,93.52,
2013-06-07,8089,8110,8050,8087,93.71,
2013-06-10,8140,8186,8128,8147,98.17,
2013-06-11,8135,8156,8108,8126,97.2,
2013-06-13,8050,8055,7930,7932,83.42,
2013-06-14,7978,7984,7905,7921,79.91,
2013-06-17,7921,7982,7918,7972,82.75,
2013-06-18,7972,8012,7936,7996,85.59,
2013-06-19,8013,8038,7988,8019,97.17,
2013-06-20,7793,7819,7738,7750,91.01,
2013-06-21,7610,7680,7588,7658,89.48,
2013-06-24,7625,7663,7602,7629,89.12,
2013-06-25,7611,7684,7580,7604,86.13,
2013-06-26,7668,7689,7609,7638,89.34,
2013-06-27,7719,7747,7701,7715,93.48,
2013-06-28,7760,7860,7729,7828,103.27,
2013-07-01,7818,7915,7811,7903,114.0,
2013-07-02,7902,7920,7880,7906,113.54,
2013-07-03,7880,7895,7806,7811,100.0,
2013-07-04,7838,7864,7801,7842,99.16,
2013-07-05,7888,7979,7871,7964,109.96,
2013-07-08,7961,7965,7820,7830,99.3,
2013-07-09,7832,7930,7824,7922,106.91,
2013-07-10,7943,8017,7921,7959,111.09,
2013-07-11,8055,8167,8054,8164,141.8,
2013-07-12,8168,8185,8138,8183,146.76,
2013-07-15,8145,8238,8133,8216,154.73,
2013-07-16,8216,8233,8193,8230,154.67,
2013-07-17,8205,8258,8202,8241,114.66,
2013-07-18,8154,8169,8088,8100,114.65,
2013-07-19,8077,8078,7953,7957,97.41,
2013-07-22,7967,8054,7967,8019,99.76,
2013-07-23,8066,8156,8062,8134,109.26,
2013-07-24,8139,8147,8100,8124,102.7,
2013-07-25,8100,8158,8057,8108,103.84,
2013-07-26,8107,8183,8088,8099,102.04,
2013-07-29,8074,8109,8018,8033,94.05,
2013-07-30,8058,8145,8053,8128,102.18,
2013-07-31,8128,8133,8046,8049,98.12,
2013-08-01,8044,8080,8000,8044,93.17,
2013-08-02,8098,8146,8047,8061,93.96,
2013-08-05,8066,8108,8022,8099,97.27,
2013-08-06,8069,8075,7972,7991,88.22,
2013-08-07,7932,7940,7845,7847,82.58,
2013-08-08,7865,7893,7844,7845,79.32,
2013-08-09,7850,7883,7801,7824,75.84,
2013-08-12,7850,7882,7820,7858,79.2,
2013-08-13,7894,7959,7890,7951,85.68,
2013-08-14,7960,7961,7888,7927,79.14,
2013-08-15,7852,7878,7805,7859,76.22,
2013-08-16,7803,7943,7800,7914,79.07,
2013-08-19,7888,7903,7854,7886,78.64,
2013-08-20,7852,7920,7801,7806,74.87,
2013-08-22,7691,7823,7690,7813,99.9,
2013-08-23,7758,7816,7751,7784,103.6,
2013-08-26,7816,7844,7786,7823,109.31,
2013-08-27,7804,7818,7747,7756,103.69,
2013-08-28,7700,7780,7678,7777,104.03,
2013-08-29,7810,7900,7788,7894,113.45,
2013-08-30,7895,7983,7880,7972,118.6,
2013-09-02,7968,8025,7955,8018,124.86,
2013-09-03,8045,8079,8025,8052,126.36,
2013-09-04,8017,8074,8005,8071,115.46,
2013-09-05,8092,8142,8070,8129,122.77,
2013-09-06,8122,8154,8120,8140,128.45,
2013-09-09,8158,8183,8095,8159,128.45,
2013-09-10,8192,8220,8135,8170,135.03,
2013-09-11,8185,8200,8131,8187,133.94,
2013-09-12,8181,8217,8164,8193,134.41,
2013-09-13,8189,8215,8146,8147,134.32,
2013-09-14,8157,8178,8147,8162,134.45,
2013-09-16,8211,8259,8197,8247,143.19,
2013-09-17,8222,8242,8209,8240,140.83,
2013-09-18,8250,8269,8223,8238,99.61,
2013-09-23,8183,8269,8180,8257,105.98,
2013-09-24,8250,8274,8221,8267,109.86,
2013-09-25,8245,8258,8222,8233,109.68,
2013-09-26,8214,8242,8156,8181,104.42,
2013-09-27,8191,8207,8175,8182,107.6,
2013-09-30,8127,8156,8084,8121,106.2,
2013-10-01,8151,8175,8137,8149,109.53,
2013-10-02,8180,8192,8157,8159,112.97,
2013-10-03,8175,8384,8169,8377,123.39,
2013-10-04,8362,8393,8346,8366,121.09,
2013-10-07,8360,8370,8296,8325,116.57,
2013-10-08,8297,8383,8290,8373,120.54,
2013-10-09,8333,8378,8319,8338,118.92,
2013-10-11,8448,8450,8355,8361,120.33,
2013-10-14,8348,8349,8272,8294,116.24,
2013-10-15,8350,8385,8338,8355,114.6,
2013-10-16,8371,8378,8340,8346,104.3,
2013-10-17,8388,8421,8355,8364,105.11,
2013-10-18,8378,8429,8372,8417,105.09,
2013-10-21,8440,8444,8393,8400,104.02,
2013-10-22,8383,8423,8352,8416,103.66,
2013-10-23,8435,8442,8340,8359,98.84,
2013-10-24,8339,8400,8326,8393,101.65,
2013-10-25,8360,8367,8291,8320,100.57,
2013-10-28,8320,8443,8320,8389,105.74,
2013-10-29,8372,8435,8360,8408,107.86,
2013-10-30,8430,8459,8405,8440,107.64,
2013-10-31,8420,8465,8408,8429,107.88,
2013-11-01,8455,8476,8372,8391,105.68,
2013-11-04,8361,8369,8313,8338,100.32,
2013-11-05,8320,8354,8255,8267,94.5,
2013-11-06,8280,8288,8231,8269,98.87,
2013-11-07,8273,8280,8224,8258,98.44,
2013-11-08,8222,8269,8211,8224,96.91,
2013-11-11,8236,8237,8179,8195,91.13,
2013-11-12,8215,8247,8172,8215,90.01,
2013-11-13,8195,8198,8102,8107,85.23,
2013-11-14,8137,8156,8085,8124,83.27,
2013-11-15,8175,8215,8148,8161,86.22,
2013-11-18,8191,8222,8178,8189,87.86,
2013-11-19,8230,8256,8209,8246,92.79,
2013-11-20,8237,8259,8216,8219,105.1,
2013-11-21,8168,8170,8050,8078,92.79,
2013-11-22,8080,8110,8077,8087,95.61,
2013-11-25,8140,8218,8138,8192,102.24,
2013-11-26,8168,8277,8153,8245,108.26,
2013-11-27,8245,8300,8233,8297,103.78,
2013-11-28,8349,8392,8337,8377,109.38,
2013-11-29,8376,8429,8372,8425,112.85,
2013-12-02,8437,8448,8391,8411,111.22,
2013-12-03,8391,8424,8378,8408,109.52,
2013-12-04,8380,8449,8370,8434,107.91,
2013-12-05,8422,8443,8350,8378,104.32,
2013-12-06,8361,8409,8354,8384,106.32,
2013-12-09,8459,8495,8445,8456,113.4,
2013-12-10,8430,8458,8422,8454,111.39,
2013-12-11,8452,8510,8422,8432,109.06,
2013-12-12,8388,8406,8350,8392,108.03,
2013-12-13,8360,8405,8352,8396,113.94,
2013-12-16,8371,8385,8325,8334,110.04,
2013-12-17,8381,8386,8358,8361,113.1,
2013-12-18,8370,8376,8338,8338,115.03,
2013-12-19,8399,8431,8371,8392,110.82,
2013-12-20,8392,8428,8382,8414,114.41,
2013-12-23,8452,8495,8445,8475,117.77,
2013-12-24,8487,8488,8462,8481,116.32,
2013-12-25,8496,8505,8487,8500,114.14,
2013-12-26,8509,8515,8483,8501,114.55,
2013-12-27,8494,8549,8490,8543,115.29,
2013-12-30,8556,8637,8546,8624,122.27,
2013-12-31,8648,8664,8622,8633,121.37,
2014-01-02,8646,8648,8585,8616,114.98,
2014-01-03,8596,8598,8531,8542,107.53,
2014-01-06,8530,8562,8504,8526,103.31,
2014-01-07,8515,8575,8515,8550,104.49,
2014-01-08,8561,8599,8551,8584,110.3,
2014-01-09,8562,8573,8514,8528,105.62,
2014-01-10,8521,8549,8516,8541,106.32,
2014-01-13,8580,8629,8566,8571,111.35,
2014-01-14,8531,8559,8514,8547,111.55,
2014-01-15,8571,8612,8563,8611,107.68,
2014-01-16,8652,8662,8610,8618,103.88,
2014-01-17,8612,8625,8577,8604,105.14,
2014-01-20,8583,8634,8571,8623,106.26,
2014-01-21,8637,8648,8610,8621,104.85,
2014-01-22,8600,8636,8585,8634,104.51,
2014-01-23,8648,8650,8587,8597,105.55,
2014-01-24,8567,8628,8552,8617,102.98,
2014-01-27,8550,8550,8445,8449,93.23,
2014-02-05,8302,8331,8196,8242,85.17,
2014-02-06,8262,8292,8247,8276,84.67,
2014-02-07,8330,8373,8315,8339,89.2,
2014-02-10,8375,8403,8353,8354,92.15,
2014-02-11,8356,8415,8346,8413,94.94,
2014-02-12,8450,8496,8438,8483,93.91,
2014-02-13,8485,8494,8443,8445,94.97,
2014-02-14,8495,8567,8488,8506,102.87,
2014-02-17,8548,8557,8515,8526,103.27,
2014-02-18,8522,8564,8506,8562,107.17,
2014-02-19,8550,8569,8536,8556,121.6,
2014-02-20,8525,8548,8483,8485,115.3,
2014-02-21,8550,8598,8548,8588,120.11,
2014-02-24,8591,8605,8534,8549,121.6,
2014-02-25,8596,8609,8565,8573,121.0,
2014-02-26,8563,8627,8553,8607,123.91,
2014-02-27,8606,8632,8602,8625,122.87,
2014-03-03,8567,8580,8510,8566,119.07,
2014-03-04,8552,8582,8539,8552,116.64,
2014-03-05,8638,8647,8610,8619,125.06,
2014-03-06,8623,8708,8619,8694,129.82,
2014-03-07,8730,8772,8677,8704,128.33,
2014-03-10,8676,8694,8654,8676,127.71,
2014-03-11,8682,8723,8678,8713,128.64,
2014-03-12,8680,8680,8645,8659,123.52,
2014-03-13,8689,8756,8688,8742,130.18,
2014-03-14,8683,8701,8670,8692,127.22,
2014-03-17,8698,8715,8655,8699,128.94,
2014-03-18,8750,8752,8713,8728,133.28,
2014-03-19,8741,8742,8685,8696,113.2,
2014-03-20,8628,8638,8561,8568,112.76,
2014-03-21,8586,8598,8558,8573,111.88,
2014-03-24,8573,8605,8523,8601,112.02,
2014-03-25,8590,8660,8576,8658,121.35,
2014-03-26,8707,8722,8682,8712,122.0,
2014-03-27,8702,8756,8695,8754,124.42,
2014-03-28,8759,8775,8729,8736,127.92,
2014-03-31,8772,8794,8734,8790,131.06,
2014-04-01,8787,8833,8772,8828,137.81,
2014-04-02,8843,8888,8841,8855,132.32,
2014-04-03,8864,8878,8845,8867,130.62,
2014-04-07,8820,8860,8803,8858,132.0,
2014-04-08,8846,8887,8836,8877,134.09,
2014-04-09,8889,8903,8878,8896,140.66,
2014-04-10,8925,8938,8865,8907,141.02,
2014-04-11,8850,8892,8840,8869,137.85,
2014-04-14,8860,8885,8853,8856,136.39,
2014-04-15,8869,8902,8860,8896,141.69,
2014-04-16,8910,8957,8886,8954,113.83,
2014-04-17,8887,8910,8872,8895,121.42,
2014-04-18,8952,8971,8916,8917,123.39,
2014-04-21,8920,8926,8903,8922,125.04,
2014-04-22,8922,8962,8916,8950,126.11,
2014-04-23,8971,8980,8910,8922,125.56,
2014-04-24,8925,8942,8915,8935,125.93,
2014-04-25,8921,8928,8743,8750,111.62,
2014-04-28,8695,8835,8690,8818,113.66,
2014-04-29,8828,8855,8808,8838,121.32,
2014-04-30,8857,8858,8750,8755,123.92,
2014-05-02,8758,8845,8758,8840,128.84,
2014-05-05,8861,8888,8802,8828,129.78,
2014-05-06,8835,8889,8812,8881,134.19,
2014-05-07,8846,8861,8810,8839,127.93,
2014-05-08,8859,8887,8836,8880,133.63,
2014-05-09,8886,8890,8833,8842,129.25,
2014-05-12,8854,8854,8790,8821,122.7,
2014-05-13,8855,8875,8821,8829,122.81,
2014-05-14,8851,8886,8830,8883,130.66,
2014-05-15,8868,8887,8857,8877,129.57,
2014-05-16,8841,8883,8816,8876,129.28,
2014-05-19,8878,8901,8870,8887,129.67,
2014-05-20,8901,8926,8890,8896,133.23,
2014-05-21,8896,8909,8850,8860,122.78,
2014-05-22,8873,8959,8865,8957,127.53,
2014-05-23,8973,9014,8966,9011,131.82,
2014-05-26,9022,9049,9009,9040,132.55,
2014-05-27,9044,9059,9024,9056,133.22,
2014-05-28,9062,9144,9055,9135,130.19,
2014-05-29,9134,9149,9111,9114,133.16,
2014-05-30,9118,9130,9086,9089,131.75,
2014-06-03,9112,9133,9061,9106,130.05,
2014-06-04,9118,9124,9097,9102,138.64,
2014-06-05,9115,9119,9074,9116,138.08,
2014-06-06,9139,9158,9120,9125,141.2,
2014-06-09,9142,9155,9129,9144,143.11,
2014-06-10,9158,9202,9155,9185,155.24,
2014-06-11,9193,9212,9182,9210,153.58,
2014-06-12,9194,9215,9181,9202,155.62,
2014-06-13,9172,9198,9156,9195,154.13,
2014-06-16,9182,9214,9177,9200,155.09,
2014-06-17,9207,9248,9203,9242,165.78,
2014-06-18,9241,9308,9208,9302,127.76,
2014-06-19,9189,9238,9181,9226,133.78,
2014-06-20,9228,9230,9178,9179,128.36,
2014-06-23,9178,9206,9150,9167,124.52,
2014-06-24,9175,9199,9165,9173,125.94,
2014-06-25,9147,9170,9137,9156,130.9,
2014-06-26,9178,9236,9176,9230,140.18,
2014-06-27,9232,9243,9205,9206,136.66,
2014-06-30,9219,9307,9218,9290,145.21,
2014-07-01,9299,9401,9289,9380,153.34,
2014-07-02,9406,9488,9310,9400,145.35,
2014-07-03,9395,9463,9367,9455,148.1,
2014-07-04,9488,9494,9411,9453,143.82,
2014-07-07,9438,9452,9398,9451,142.99,
2014-07-08,9449,9492,9440,9477,147.81,
2014-07-09,9451,9477,9436,9463,151.66,
2014-07-10,9468,9555,9463,9553,159.72,
2014-07-11,9538,9566,9451,9486,151.5,
2014-07-14,9480,9529,9477,9523,156.56,
2014-07-15,9575,9581,9535,9560,159.31,
2014-07-16,9546,9564,9475,9483,126.53,
2014-07-17,9393,9402,9325,9357,119.44,
2014-07-18,9284,9372,9281,9339,114.91,
2014-07-21,9377,9407,9356,9365,117.49,
2014-07-22,9385,9435,9351,9431,125.25,
2014-07-24,9460,9470,9431,9468,123.25,
2014-07-25,9462,9465,9358,9390,118.71,
2014-07-28,9368,9424,9343,9386,120.03,
2014-07-29,9425,9446,9344,9360,114.27,
2014-07-30,9365,9428,9364,9414,126.19,
2014-07-31,9433,9438,9258,9290,117.15,
2014-08-01,9230,9264,9209,9251,109.05,
2014-08-04,9260,9297,9233,9285,109.79,
2014-08-05,9255,9256,9083,9097,94.36,
2014-08-06,9081,9129,9060,9097,95.45,
2014-08-07,9111,9134,9066,9093,94.39,
2014-08-08,9052,9092,8991,9090,91.63,
2014-08-11,9132,9162,9111,9139,96.59,
2014-08-12,9149,9158,9103,9122,95.96,
2014-08-13,9131,9203,9120,9199,100.86,
2014-08-14,9230,9253,9203,9219,101.33,
2014-08-15,9210,9218,9155,9202,101.58,
2014-08-18,9212,9224,9126,9140,96.6,
2014-08-19,9162,9249,9161,9237,106.98,
2014-08-20,9260,9285,9245,9275,122.64,
2014-08-21,9265,9266,9200,9230,114.11,
2014-08-22,9248,9387,9247,9378,131.46,
2014-08-25,9389,9399,9366,9391,131.4,
2014-08-26,9388,9408,9375,9390,131.52,
2014-08-27,9417,9498,9417,9477,134.45,
2014-08-28,9493,9500,9470,9478,132.58,
2014-08-29,9456,9485,9433,9471,126.4,
2014-09-01,9473,9550,9470,9528,130.14,
2014-09-02,9517,9518,9388,9409,110.51,
2014-09-03,9420,9481,9399,9449,119.05,
2014-09-04,9447,9450,9381,9424,115.78,
2014-09-05,9444,9462,9371,9406,112.07,
2014-09-09,9423,9550,9420,9429,113.55,
2014-09-10,9382,9402,9311,9347,107.68,
2014-09-11,9375,9385,9300,9301,104.22,
2014-09-12,9326,9329,9229,9246,94.09,
2014-09-15,9204,9243,9172,9219,90.85,
2014-09-16,9219,9233,9141,9153,84.07,
2014-09-17,9196,9248,9150,9172,87.49,
2014-09-18,9240,9265,9213,9241,89.07,
2014-09-19,9292,9303,9240,9263,92.21,
2014-09-22,9205,9210,9100,9128,84.65,
2014-09-23,9104,9152,9101,9114,83.85,
2014-09-24,9095,9142,9081,9126,88.2,
2014-09-25,9156,9167,8995,9026,80.85,
2014-09-26,8956,9022,8936,8982,79.89,
2014-09-29,8992,9008,8943,8981,78.27,
2014-09-30,8965,9021,8871,8991,77.84,
2014-10-01,8945,9015,8911,8980,80.72,
2014-10-02,8921,9021,8905,8992,85.48,
2014-10-03,9004,9107,8993,9098,94.9,
2014-10-06,9105,9110,9056,9085,94.55,
2014-10-07,9035,9047,8976,9018,89.12,
2014-10-08,8985,9029,8929,8932,86.37,
2014-10-09,8995,9038,8950,8980,84.3,
2014-10-13,8802,8817,8712,8712,71.82,
2014-10-14,8730,8759,8702,8743,72.74,
2014-10-15,8743,8764,8640,8646,92.59,
2014-10-16,8581,8683,8505,8628,91.46,
2014-10-17,8651,8673,8496,8499,86.71,
2014-10-20,8596,8681,8588,8660,92.19,
2014-10-21,8658,8662,8617,8639,92.8,
2014-10-22,8740,8764,8715,8744,99.58,
2014-10-23,8737,8740,8702,8722,102.03,
2014-10-24,8746,8748,8609,8641,95.54,
2014-10-27,8671,8686,8592,8643,96.27,
2014-10-28,8668,8805,8661,8792,108.14,
2014-10-29,8834,8905,8817,8879,109.3,
2014-10-30,8880,8890,8838,8879,107.2,
2014-10-31,8887,8978,8868,8975,114.72,
2014-11-03,8984,9027,8942,8981,117.33,
2014-11-04,8984,9055,8968,8991,119.32,
2014-11-05,9025,9039,8960,8985,113.53,
2014-11-06,8978,9006,8891,8903,105.52,
2014-11-07,8926,8942,8863,8937,105.28,
2014-11-10,8965,9092,8952,9073,116.62,
2014-11-11,9089,9105,9048,9061,114.51,
2014-11-12,9030,9034,8900,8905,102.89,
2014-11-13,8922,8978,8902,8960,105.67,
2014-11-14,8980,8996,8933,8962,106.71,
2014-11-17,8955,9043,8872,8899,105.82,
2014-11-18,8950,8959,8838,8873,99.64,
2014-11-19,8900,8985,8877,8953,104.76,
2014-11-20,9030,9104,9012,9091,118.11,
2014-11-21,9117,9125,9081,9103,113.9,
2014-11-24,9135,9169,9110,9130,116.07,
2014-11-25,9115,9150,9071,9108,117.06,
2014-11-26,9125,9143,9101,9120,117.52,
2014-11-27,9139,9235,9135,9175,123.23,
2014-11-28,9203,9208,9174,9179,125.02,
2014-12-01,9050,9181,8991,9119,115.38,
2014-12-02,9095,9098,9001,9030,105.91,
2014-12-03,9048,9214,9035,9209,122.47,
2014-12-04,9218,9265,9200,9220,122.39,
2014-12-05,9201,9230,9182,9214,120.79,
2014-12-08,9263,9265,9168,9186,117.37,
2014-12-09,9139,9175,9121,9131,111.03,
2014-12-10,9092,9136,9003,9046,104.64,
2014-12-11,8977,9049,8959,9009,105.84,
2014-12-12,9027,9069,9003,9005,107.16,
2014-12-15,8958,9038,8926,9033,103.45,
2014-12-16,8980,9042,8963,8979,101.15,
2014-12-17,8970,8985,8834,8843,98.62,
2014-12-18,8900,8927,8856,8858,101.38,
2014-12-19,8958,9039,8958,9017,111.57,
2014-12-22,9030,9100,9023,9094,120.0,
2014-12-23,9132,9140,9097,9114,122.51,
2014-12-24,9119,9183,9103,9176,118.11,
2014-12-25,9170,9195,9162,9181,116.92,
2014-12-26,9178,9229,9173,9227,114.87,
2014-12-27,9231,9257,9226,9255,115.84,
2014-12-29,9247,9336,9242,9309,123.69,
2014-12-30,9324,9343,9268,9286,118.23,
2014-12-31,9287,9303,9252,9281,120.06,
2015-01-05,9243,9276,9156,9250,121.96,
2015-01-06,9147,9153,9018,9058,100.04,
2015-01-07,9043,9093,9033,9044,113.31,
2015-01-08,9115,9259,9115,9256,128.33,
2015-01-09,9333,9335,9218,9230,124.67,
2015-01-12,9188,9239,9158,9185,122.44,
2015-01-13,9191,9275,9159,9250,125.51,
2015-01-14,9238,9247,9152,9170,128.92,
2015-01-15,9186,9229,9130,9194,124.8,
2015-01-16,9174,9229,9081,9115,121.15,
2015-01-19,9208,9259,9141,9181,121.61,
2015-01-20,9222,9270,9182,9267,131.68,
2015-01-21,9280,9317,9273,9309,117.87,
2015-01-22,9357,9404,9342,9388,124.8,
2015-01-23,9450,9488,9443,9461,125.25,
2015-01-26,9446,9479,9432,9465,126.46,
2015-01-27,9522,9539,9480,9523,126.24,
2015-01-28,9475,9535,9473,9527,121.25,
2015-01-29,9495,9503,9426,9428,114.61,
2015-01-30,9457,9472,9385,9398,111.52,
2015-02-02,9387,9433,9370,9420,111.26,
2015-02-03,9439,9485,9407,9464,114.11,
2015-02-04,9526,9557,9511,9522,122.57,
2015-02-05,9520,9520,9470,9513,120.26,
2015-02-06,9541,9543,9459,9470,111.83,
2015-02-09,9436,9465,9415,9451,110.24,
2015-02-10,9470,9474,9418,9432,105.82,
2015-02-11,9460,9510,9457,9476,120.46,
2015-02-12,9495,9500,9462,9482,119.78,
2015-02-13,9512,9549,9505,9514,124.76,
2015-02-24,9580,9640,9579,9623,124.26,
2015-02-25,9696,9696,9660,9683,127.52,
2015-02-26,9687,9691,9634,9648,118.9,
2015-03-02,9655,9683,9616,9631,114.67,
2015-03-03,9645,9658,9581,9614,113.38,
2015-03-04,9580,9638,9571,9620,116.7,
2015-03-05,9622,9633,9551,9586,115.09,
2015-03-06,9592,9643,9566,9637,116.56,
2015-03-09,9583,9595,9548,9574,110.99,
2015-03-10,9575,9585,9514,9529,105.0,
2015-03-11,9464,9545,9450,9519,108.26,
2015-03-12,9528,9610,9508,9607,114.34,
2015-03-13,9617,9633,9583,9598,113.85,
2015-03-16,9586,9594,9535,9543,108.37,
2015-03-17,9580,9645,9548,9556,111.75,
2015-03-18,9556,9648,9556,9633,113.17,
2015-03-19,9737,9769,9707,9765,120.36,
2015-03-20,9741,9769,9733,9757,119.28,
2015-03-23,9759,9770,9726,9749,120.5,
2015-03-24,9728,9754,9696,9720,117.87,
2015-03-25,9720,9730,9673,9688,114.7,
2015-03-26,9590,9635,9568,9611,109.27,
2015-03-27,9611,9627,9525,9542,102.13,
2015-03-30,9511,9562,9510,9553,100.84,
2015-03-31,9602,9610,9544,9582,102.61,
2015-04-01,9545,9552,9487,9508,106.72,
2015-04-02,9535,9630,9534,9614,112.08,
2015-04-07,9650,9660,9611,9629,114.55,
2015-04-08,9630,9635,9558,9570,110.86,
2015-04-09,9576,9675,9563,9570,107.45,
2015-04-10,9625,9665,9591,9632,111.04,
2015-04-13,9670,9683,9633,9657,111.51,
2015-04-14,9641,9673,9626,9644,111.38,
2015-04-15,9628,9655,9507,9520,106.02,
2015-04-16,9560,9648,9548,9644,110.14,
2015-04-17,9619,9630,9568,9582,104.61,
2015-04-20,9526,9583,9506,9563,105.72,
2015-04-21,9588,9613,9534,9555,103.27,
2015-04-22,9558,9636,9557,9614,105.45,
2015-04-23,9657,9853,9652,9838,113.64,
2015-04-24,9880,9999,9861,9920,114.21,
2015-04-27,9952,10031,9946,10018,116.51,
2015-04-28,10022,10032,9963,9990,114.22,
2015-04-29,9976,10023,9882,9907,106.86,
2015-04-30,9900,9930,9857,9877,100.56,
2015-05-04,9898,9911,9825,9885,101.01,
2015-05-05,9870,9878,9815,9848,97.9,
2015-05-06,9797,9865,9763,9846,104.66,
2015-05-07,9790,9808,9745,9752,96.89,
2015-05-08,9769,9783,9713,9718,92.54,
2015-05-11,9798,9815,9658,9722,90.14,
2015-05-12,9706,9748,9672,9706,88.51,
2015-05-13,9712,9775,9697,9739,94.22,
2015-05-14,9736,9740,9599,9605,85.28,
2015-05-15,9637,9643,9541,9576,81.29,
2015-05-18,9613,9614,9551,9598,78.36,
2015-05-19,9613,9722,9602,9703,84.57,
2015-05-20,9701,9726,9656,9668,87.97,
2015-05-21,9649,9650,9514,9541,82.42,
2015-05-22,9559,9649,9546,9627,87.85,
2015-05-25,9605,9640,9550,9631,87.4,
2015-05-26,9612,9725,9606,9659,91.32,
2015-05-27,9608,9698,9600,9662,90.75,
2015-05-28,9710,9750,9683,9729,95.22,
2015-05-29,9736,9764,9688,9703,91.87,
2015-06-01,9667,9712,9602,9630,84.33,
2015-06-02,9592,9640,9565,9606,82.56,
2015-06-03,9635,9646,9535,9548,81.35,
2015-06-04,9533,9554,9300,9312,71.39,
2015-06-05,9321,9347,9268,9309,72.3,
2015-06-08,9310,9403,9236,9348,74.19,
2015-06-09,9300,9346,9201,9235,69.69,
2015-06-10,9256,9328,9253,9284,75.25,
2015-06-11,9332,9333,9224,9285,75.22,
2015-06-12,9277,9314,9231,9268,76.59,
2015-06-15,9268,9318,9220,9245,75.52,
2015-06-16,9245,9258,9164,9214,72.51,
2015-06-17,9217,9236,9177,9181,73.68,
2015-06-18,9046,9077,9011,9048,75.82,
2015-06-22,9100,9202,9099,9178,88.99,
2015-06-23,9223,9267,9208,9230,92.42,
2015-06-24,9213,9248,9192,9246,84.1,
2015-06-25,9265,9370,9263,9342,90.23,
2015-06-26,9345,9346,9300,9322,89.61,
2015-06-29,9201,9223,9109,9139,80.33,
2015-06-30,9144,9217,9125,9211,84.1,
2015-07-01,9188,9318,9185,9292,89.15,
2015-07-02,9302,9324,9260,9277,85.8,
2015-07-03,9257,9308,9171,9301,88.46,
2015-07-06,9239,9296,9182,9203,84.89,
2015-07-07,9258,9302,9211,9242,86.28,
2015-07-08,9214,9214,8911,8945,73.05,
2015-07-09,8802,8939,8723,8875,68.52,
2015-07-13,8942,9004,8902,8993,73.04,
2015-07-14,9047,9084,8981,8983,73.8,
2015-07-15,9039,9078,8989,9029,81.94,
2015-07-16,8933,8982,8900,8916,85.02,
2015-07-17,8910,8935,8870,8913,85.45,
2015-07-20,8963,9026,8805,8851,82.79,
2015-07-21,8881,8940,8816,8937,87.32,
2015-07-22,8886,8887,8795,8811,85.93,
2015-07-23,8780,8822,8670,8753,77.17,
2015-07-24,8713,8740,8653,8686,74.44,
2015-07-27,8638,8670,8493,8525,67.71,
2015-07-28,8500,8590,8480,8539,68.52,
2015-07-29,8536,8548,8439,8485,71.11,
2015-07-30,8523,8632,8510,8607,77.38,
2015-07-31,8598,8606,8508,8575,76.11,
2015-08-03,8548,8548,8400,8454,72.1,
2015-08-04,8483,8552,8416,8464,73.18,
2015-08-05,8500,8547,8447,8521,72.13,
2015-08-06,8538,8579,8366,8390,67.39,
2015-08-07,8355,8422,8311,8389,68.1,
2015-08-10,8402,8461,8345,8442,70.38,
2015-08-11,8505,8555,8358,8362,69.85,
2015-08-12,8362,8390,8242,8301,64.48,
2015-08-13,8347,8364,8275,8305,64.24,
2015-08-14,8263,8333,8262,8326,64.75,
2015-08-17,8332,8333,8224,8239,60.46,
2015-08-18,8236,8276,8161,8172,55.37,
2015-08-19,8184,8184,7993,8002,66.4,
2015-08-20,7950,8040,7898,7973,65.45,
2015-08-21,7869,7887,7739,7744,61.81,
2015-08-24,7600,7676,7000,7345,50.17,
2015-08-25,7401,7607,7317,7572,58.89,
2015-08-26,7516,7678,7432,7607,62.31,
2015-08-27,7660,7728,7631,7679,65.96,
2015-08-28,7808,7901,7791,7871,81.76,
2015-08-31,7835,8033,7803,7973,91.28,
2015-09-01,7908,7964,7803,7829,92.66,
2015-09-02,7760,7997,7760,7938,83.43,
2015-09-03,7971,8003,7874,7975,86.34,
2015-09-04,7929,8039,7872,7894,87.51,
2015-09-07,7851,8007,7843,7930,88.42,
2015-09-08,7930,7979,7880,7972,88.79,
2015-09-09,8116,8340,8103,8334,102.57,
2015-09-10,8235,8292,8192,8265,104.45,
2015-09-11,8225,8295,8202,8266,106.52,
2015-09-14,8316,8338,8210,8275,103.43,
2015-09-15,8299,8332,8230,8237,101.9,
2015-09-16,8308,8357,8270,8318,89.35,
2015-09-17,8365,8477,8365,8441,102.23,
2015-09-18,8412,8459,8383,8438,111.26,
2015-09-21,8328,8335,8233,8270,103.23,
2015-09-22,8296,8340,8276,8331,106.89,
2015-09-23,8241,8250,8136,8142,99.72,
2015-09-24,8182,8219,8048,8090,98.37,
2015-09-25,8141,8152,8033,8119,100.07,
2015-09-30,8024,8177,7982,8135,100.97,
2015-10-01,8180,8328,8115,8307,118.84,
2015-10-02,8282,8319,8255,8278,122.9,
2015-10-05,8353,8377,8276,8331,121.59,
2015-10-06,8439,8480,8365,8369,122.96,
2015-10-07,8378,8498,8356,8491,122.68,
2015-10-08,8535,8544,8422,8443,121.67,
2015-10-12,8488,8580,8464,8552,130.75,
2015-10-13,8563,8575,8511,8557,130.82,
2015-10-14,8524,8554,8491,8520,130.85,
2015-10-15,8559,8667,8556,8609,141.0,
2015-10-16,8588,8626,8571,8607,138.94,
2015-10-19,8629,8670,8589,8623,138.05,
2015-10-20,8638,8663,8630,8659,143.03,
2015-10-21,8690,8704,8592,8617,101.19,
2015-10-22,8589,8633,8566,8595,105.89,
2015-10-23,8742,8752,8669,8694,107.25,
2015-10-26,8730,8766,8717,8733,110.28,
2015-10-27,8721,8728,8655,8694,106.02,
2015-10-28,8681,8710,8613,8638,100.31,
2015-10-29,8680,8685,8545,8547,93.01,
2015-10-30,8558,8599,8484,8570,92.45,
2015-11-02,8533,8597,8502,8587,94.72,
2015-11-03,8660,8740,8646,8719,111.09,
2015-11-04,8764,8899,8751,8882,117.96,
2015-11-05,8877,8898,8831,8872,116.0,
2015-11-06,8853,8859,8650,8689,99.87,
2015-11-09,8685,8747,8598,8628,91.68,
2015-11-10,8580,8594,8512,8533,86.11,
2015-11-11,8505,8549,8372,8378,82.88,
2015-11-12,8399,8461,8354,8459,81.58,
2015-11-13,8386,8475,8318,8356,80.51,
2015-11-16,8250,8306,8212,8288,77.27,
2015-11-17,8371,8490,8371,8437,82.94,
2015-11-18,8437,8450,8325,8335,88.07,
2015-11-19,8366,8460,8323,8447,98.46,
2015-11-20,8435,8475,8397,8443,101.39,
2015-11-23,8487,8510,8407,8481,107.23,
2015-11-24,8461,8494,8363,8401,98.29,
2015-11-25,8415,8420,8320,8384,93.5,
2015-11-26,8405,8525,8405,8499,103.65,
2015-11-27,8518,8534,8377,8390,96.31,
2015-11-30,8321,8345,8203,8297,85.42,
2015-12-01,8355,8463,8317,8456,95.1,
2015-12-02,8429,8510,8415,8452,96.11,
2015-12-03,8394,8490,8363,8470,98.31,
2015-12-04,8365,8410,8325,8393,96.44,
2015-12-07,8500,8550,8453,8470,103.22,
2015-12-08,8440,8450,8319,8331,94.0,
2015-12-09,8303,8329,8213,8220,90.74,
2015-12-10,8183,8207,8101,8188,86.67,
2015-12-11,8210,8220,8067,8070,82.78,
2015-12-14,7963,8065,7948,8060,81.47,
2015-12-15,8088,8137,8048,8065,83.51,
2015-12-16,8177,8209,8112,8199,102.86,
2015-12-17,8210,8303,8177,8282,111.21,
2015-12-18,8240,8318,8207,8229,112.2,
2015-12-21,8170,8284,8132,8280,111.1,
2015-12-22,8255,8297,8221,8275,108.3,
2015-12-23,8304,8346,8267,8288,104.92,
2015-12-24,8345,8388,8293,8317,108.37,
2015-12-25,8333,8378,8306,8374,113.37,
2015-12-28,8374,8394,8350,8354,111.95,
2015-12-29,8323,8346,8263,8288,103.15,
2015-12-30,8318,8329,8226,8258,105.69,
2015-12-31,8230,8300,8230,8275,111.95,
2016-01-04,8261,8294,8036,8073,95.65,
2016-01-05,8095,8130,8011,8025,92.51,
2016-01-06,8038,8048,7901,7971,96.74,
2016-01-07,7953,7971,7731,7805,84.77,
2016-01-08,7755,7884,7734,7865,87.87,
2016-01-11,7738,7793,7672,7739,83.59,
2016-01-12,7792,7807,7680,7707,82.83,
2016-01-13,7780,7849,7736,7806,86.86,
2016-01-14,7648,7724,7607,7715,86.98,
2016-01-15,7807,7810,7635,7668,86.93,
2016-01-18,7503,7828,7503,7810,88.21,
2016-01-19,7800,7869,7750,7866,93.26,
2016-01-20,7797,7804,7673,7704,93.74,
2016-01-21,7655,7707,7600,7613,99.49,
2016-01-22,7726,7753,7641,7748,110.64,
2016-01-25,7776,7881,7766,7835,121.56,
2016-01-26,7781,7809,7745,7778,116.32,
2016-01-27,7850,7860,7779,7838,107.14,
2016-01-28,7801,7903,7793,7858,117.48,
2016-01-29,7848,8074,7820,8053,138.83,
2016-01-30,8100,8168,8090,8164,151.8,
2016-02-01,8140,8150,8066,8126,141.06,
2016-02-02,8082,8148,8062,8104,134.91,
2016-02-03,8022,8085,7993,8036,124.97,
2016-02-15,7925,8068,7906,8043,122.91,
2016-02-16,8076,8232,8076,8206,139.14,
2016-02-17,8230,8252,8192,8212,110.22,
2016-02-18,8290,8332,8233,8285,126.36,
2016-02-19,8275,8318,8253,8307,134.68,
2016-02-22,8293,8404,8262,8300,128.92,
2016-02-23,8325,8330,8271,8319,129.08,
2016-02-24,8303,8382,8217,8247,116.08,
2016-02-25,8285,8375,8272,8338,133.78,
2016-02-26,8389,8416,8312,8389,135.9,
2016-03-01,8363,8484,8360,8448,147.23,
2016-03-02,8548,8575,8500,8518,142.6,
2016-03-03,8527,8605,8516,8564,150.05,
2016-03-04,8578,8618,8548,8601,153.18,
2016-03-07,8605,8684,8572,8604,155.92,
2016-03-08,8618,8620,8526,8614,156.11,
2016-03-09,8609,8632,8556,8618,146.64,
2016-03-10,8630,8675,8601,8641,158.0,
2016-03-11,8620,8709,8608,8705,166.19,
2016-03-14,8733,8778,8725,8741,165.42,
2016-03-15,8737,8750,8578,8603,143.52,
2016-03-16,8640,8705,8634,8691,132.48,
2016-03-17,8745,8819,8681,8698,130.71,
2016-03-18,8727,8778,8703,8765,140.7,
2016-03-21,8800,8809,8690,8746,135.48,
2016-03-22,8770,8775,8660,8750,131.22,
2016-03-23,8765,8786,8699,8713,130.22,
2016-03-24,8688,8750,8628,8713,128.83,
2016-03-25,8729,8759,8671,8700,121.32,
2016-03-28,8713,8732,8653,8685,115.94,
2016-03-29,8681,8697,8564,8601,104.05,
2016-03-30,8640,8747,8625,8740,127.08,
2016-03-31,8785,8814,8691,8716,120.11,
2016-04-01,8672,8693,8600,8628,110.15,
2016-04-06,8588,8598,8453,8458,108.7,
2016-04-07,8470,8492,8381,8438,106.06,
2016-04-08,8388,8500,8375,8485,112.16,
2016-04-11,8464,8530,8415,8515,113.73,
2016-04-12,8540,8583,8467,8496,116.91,
2016-04-13,8546,8644,8528,8636,126.31,
2016-04-14,8713,8724,8646,8660,124.33,
2016-04-15,8620,8720,8591,8717,130.96,
2016-04-18,8658,8684,8631,8644,125.16,
2016-04-19,8700,8748,8600,8636,118.59,
2016-04-20,8659,8683,8497,8519,117.56,
2016-04-21,8510,8535,8455,8530,122.75,
2016-04-22,8512,8560,8461,8500,125.06,
2016-04-25,8518,8539,8478,8527,128.19,
2016-04-26,8534,8619,8523,8570,135.23,
2016-04-27,8563,8590,8506,8560,125.6,
2016-04-28,8586,8599,8408,8415,104.87,
2016-04-29,8369,8400,8304,8311,95.6,
2016-05-03,8314,8330,8219,8261,87.29,
2016-05-04,8238,8257,8105,8181,90.04,
2016-05-05,8161,8182,8095,8146,88.6,
2016-05-06,8120,8140,8061,8105,87.01,
2016-05-09,8140,8160,8067,8116,86.35,
2016-05-10,8117,8179,8057,8152,90.08,
2016-05-11,8179,8192,8081,8124,86.51,
2016-05-12,8095,8155,8066,8082,89.78,
2016-05-13,8066,8075,7954,8022,81.86,
2016-05-16,8026,8085,7988,8063,86.96,
2016-05-17,8077,8152,8021,8146,94.25,
2016-05-18,8098,8153,8056,8149,122.1,
2016-05-19,8112,8130,8006,8033,117.9,
2016-05-20,8026,8124,8022,8103,129.19,
2016-05-23,8120,8355,8052,8343,158.51,
2016-05-24,8333,8346,8277,8284,146.7,
2016-05-25,8340,8412,8333,8384,129.38,
2016-05-26,8402,8408,8352,8383,132.1,
2016-05-27,8414,8467,8390,8462,139.38,
2016-05-30,8480,8533,8432,8509,147.28,
2016-05-31,8498,8544,8455,8510,142.24,
2016-06-01,8493,8590,8485,8564,147.12,
2016-06-02,8565,8610,8519,8550,144.56,
2016-06-03,8563,8585,8537,8565,144.61,
2016-06-04,8567,8589,8561,8577,145.31,
2016-06-06,8576,8655,8508,8573,144.34,
2016-06-07,8610,8684,8606,8667,160.1,
2016-06-08,8676,8742,8670,8713,168.26,
2016-06-13,8638,8639,8502,8525,145.41,
2016-06-14,8495,8578,8483,8574,154.87,
2016-06-15,8560,8608,8508,8602,116.8,
2016-06-16,8409,8410,8248,8281,112.65,
2016-06-17,8345,8431,8343,8395,130.45,
2016-06-20,8503,8520,8428,8469,140.56,
2016-06-21,8453,8524,8435,8510,144.24,
2016-06-22,8510,8530,8460,8510,133.35,
2016-06-23,8510,8526,8466,8510,129.25,
2016-06-24,8501,8552,8140,8238,109.72,
2016-06-27,8245,8338,8239,8326,119.82,
2016-06-28,8277,8387,8260,8376,125.92,
2016-06-29,8392,8493,8391,8436,141.39,
2016-06-30,8495,8541,8440,8519,148.35,
2016-07-01,8570,8637,8552,8623,163.0,
2016-07-04,8639,8680,8598,8632,167.36,
2016-07-05,8595,8634,8568,8610,164.61,
2016-07-06,8555,8558,8443,8469,137.35,
2016-07-07,8502,8570,8502,8561,147.07,
2016-07-11,8678,8748,8671,8734,171.36,
2016-07-12,8750,8795,8736,8776,184.68,
2016-07-13,8829,8837,8726,8793,168.32,
2016-07-14,8801,8841,8769,8813,171.5,
2016-07-15,8848,8924,8823,8912,186.89,
2016-07-18,8916,9002,8912,8999,194.2,
2016-07-19,9012,9036,8962,9032,183.58,
2016-07-20,9010,9042,8972,9003,113.83,
2016-07-21,8920,9009,8915,8984,113.15,
2016-07-22,8964,8984,8925,8927,109.51,
2016-07-25,8964,9027,8804,8891,98.25,
2016-07-26,8868,8970,8862,8965,107.28,
2016-07-27,9015,9049,8952,8979,109.88,
2016-07-28,8979,9026,8927,8979,111.93,
2016-07-29,9004,9014,8890,8894,107.41,
2016-08-01,8936,9043,8936,9040,115.84,
2016-08-02,9015,9036,8992,9012,114.99,
2016-08-03,8921,8972,8861,8935,111.65,
2016-08-04,8988,8995,8892,8970,109.47,
2016-08-05,8992,9074,8973,9062,118.94,
2016-08-08,9135,9147,9063,9116,121.87,
2016-08-09,9120,9145,9096,9117,123.97,
2016-08-10,9135,9167,9090,9149,126.6,
2016-08-11,9124,9158,9000,9087,117.29,
2016-08-12,9130,9149,9102,9130,123.18,
2016-08-15,9143,9160,9087,9124,122.1,
2016-08-16,9155,9155,9053,9085,116.34,
2016-08-17,9075,9123,9067,9121,113.3,
2016-08-18,9012,9059,8981,9041,116.14,
2016-08-19,9052,9108,8942,8948,107.27,
2016-08-22,8938,8948,8852,8895,99.29,
2016-08-23,8920,8987,8912,8983,109.48,
2016-08-24,9005,9022,8948,8954,119.22,
2016-08-25,8939,9073,8938,9070,132.91,
2016-08-26,9059,9090,9036,9080,132.89,
2016-08-29,9050,9075,8948,9042,122.11,
2016-08-30,9074,9085,9021,9035,121.77,
2016-08-31,9020,9059,8959,8976,119.13,
2016-09-01,8976,8981,8883,8942,115.12,
2016-09-02,8945,8973,8904,8932,117.83,
2016-09-05,8991,9066,8991,9063,137.96,
2016-09-06,9073,9160,9056,9151,152.59,
2016-09-07,9158,9262,9151,9253,149.63,
2016-09-08,9253,9253,9215,9239,149.05,
2016-09-09,9188,9189,9114,9126,128.7,
2016-09-10,8935,9001,8922,8953,114.27,
2016-09-12,8984,8993,8898,8900,106.71,
2016-09-13,8971,8978,8817,8905,102.84,
2016-09-14,8870,8942,8854,8875,119.75,
2016-09-19,8940,9157,8935,9149,146.29,
2016-09-20,9150,9165,9113,9142,149.58,
2016-09-21,9122,9223,9115,9222,123.11,
2016-09-22,9218,9262,9154,9187,123.29,
2016-09-23,9234,9248,9189,9236,134.41,
2016-09-26,9226,9227,9148,9152,124.98,
2016-09-29,9222,9295,9206,9251,141.45,
2016-09-30,9187,9206,9128,9130,141.78,
2016-10-03,9200,9230,9162,9193,152.23,
2016-10-04,9202,9259,9187,9251,162.6,
2016-10-05,9211,9266,9200,9238,139.18,
2016-10-06,9280,9283,9207,9257,138.59,
2016-10-07,9248,9269,9236,9251,144.5,
2016-10-11,9294,9342,9143,9189,137.97,
2016-10-12,9177,9274,9164,9259,145.26,
2016-10-13,9266,9278,9180,9201,132.16,
2016-10-14,9200,9224,9148,9167,128.54,
2016-10-17,9183,9193,9060,9167,119.36,
2016-10-18,9180,9218,9154,9210,128.57,
2016-10-19,9222,9300,9220,9280,118.06,
2016-10-20,9268,9295,9235,9277,132.14,
2016-10-21,9260,9321,9241,9264,141.3,
2016-10-24,9292,9325,9269,9309,144.8,
2016-10-25,9328,9393,9308,9375,158.62,
2016-10-26,9347,9363,9323,9334,131.71,
2016-10-27,9323,9347,9260,9288,125.53,
2016-10-28,9282,9313,9261,9279,129.87,
2016-10-31,9265,9299,9175,9284,132.06,
2016-11-01,9260,9291,9226,9278,126.37,
2016-11-02,9202,9225,9144,9158,112.57,
2016-11-03,9132,9160,9078,9088,106.67,
2016-11-04,9060,9094,9047,9063,106.39,
2016-11-07,9130,9199,9115,9196,113.18,
2016-11-08,9217,9230,9162,9223,119.81,
2016-11-09,9227,9308,8891,8926,105.8,
2016-11-10,9138,9192,9134,9176,113.32,
2016-11-11,9074,9074,8950,8967,96.01,
2016-11-14,8961,8988,8877,8945,90.81,
2016-11-15,8902,8975,8896,8938,93.47,
2016-11-16,8990,9034,8979,8984,116.21,
2016-11-17,8944,8965,8906,8960,122.21,
2016-11-18,8980,9005,8926,8987,127.91,
2016-11-21,8979,9026,8971,9017,131.37,
2016-11-22,9048,9164,9042,9139,147.47,
2016-11-23,9150,9191,9141,9177,129.05,
2016-11-24,9159,9165,9116,9142,129.53,
2016-11-25,9138,9192,9132,9161,135.58,
2016-11-28,9157,9248,9150,9223,142.2,
2016-11-29,9223,9239,9196,9202,138.59,
2016-11-30,9211,9245,9177,9227,132.7,
2016-12-01,9227,9279,9218,9260,140.52,
2016-12-02,9200,9203,9148,9163,128.32,
2016-12-05,9149,9183,9118,9157,128.11,
2016-12-06,9225,9285,9224,9262,145.17,
2016-12-07,9300,9305,9248,9262,142.51,
2016-12-08,9360,9370,9315,9368,157.16,
2016-12-09,9375,9399,9365,9389,165.44,
2016-12-12,9420,9440,9350,9356,161.62,
2016-12-13,9340,9381,9337,9379,160.76,
2016-12-14,9406,9413,9354,9369,152.71,
2016-12-15,9333,9375,9305,9368,152.07,
2016-12-16,9368,9370,9309,9311,149.12,
2016-12-19,9291,9317,9242,9244,140.03,
2016-12-20,9262,9266,9209,9260,130.93,
2016-12-21,9260,9270,9225,9231,102.84,
2016-12-22,9210,9222,9123,9128,96.65,
2016-12-23,9113,9147,9088,9092,91.61,
2016-12-26,9105,9132,9089,9124,92.41,
2016-12-27,9124,9130,9106,9113,93.8,
2016-12-28,9110,9213,9104,9211,111.2,
2016-12-29,9190,9211,9168,9181,114.18,
2016-12-30,9210,9281,9210,9262,118.18,
2017-01-03,9266,9281,9231,9280,113.94,
2017-01-04,9284,9295,9261,9271,113.79,
2017-01-05,9271,9354,9265,9342,119.21,
2017-01-06,9354,9375,9339,9365,120.61,
2017-01-09,9377,9409,9325,9342,113.61,
2017-01-10,9331,9351,9320,9341,112.87,
2017-01-11,9390,9396,9333,9337,114.88,
2017-01-12,9351,9433,9350,9411,118.42,
2017-01-13,9391,9397,9361,9375,119.23,
2017-01-16,9360,9361,9274,9285,104.61,
2017-01-17,9281,9344,9279,9340,112.56,
2017-01-18,9338,9349,9315,9340,114.46,
2017-01-19,9330,9342,9255,9304,111.64,
2017-01-20,9283,9338,9280,9330,126.58,
2017-01-23,9320,9423,9319,9407,131.37,
2017-01-24,9428,9464,9404,9442,132.69,
2017-02-02,9490,9509,9373,9375,109.28,
2017-02-03,9415,9458,9407,9437,115.51,
2017-02-06,9478,9533,9441,9505,137.28,
2017-02-07,9501,9525,9483,9520,144.19,
2017-02-08,9519,9535,9464,9515,132.53,
2017-02-09,9512,9579,9505,9574,142.77,
2017-02-10,9601,9681,9586,9657,158.05,
2017-02-13,9668,9706,9661,9704,161.62,
2017-02-14,9727,9758,9695,9708,172.98,
2017-02-15,9728,9802,9722,9799,137.58,
2017-02-16,9820,9852,9758,9770,135.72,
2017-02-17,9758,9786,9747,9763,137.42,
2017-02-18,9778,9789,9772,9786,134.7,
2017-02-20,9785,9814,9737,9766,128.96,
2017-02-21,9776,9784,9727,9767,123.62,
2017-02-22,9785,9827,9768,9783,129.45,
2017-02-23,9781,9820,9755,9773,136.59,
2017-02-24,9766,9786,9731,9760,138.86,
2017-03-01,9768,9769,9677,9683,127.05,
2017-03-02,9760,9783,9643,9691,122.38,
2017-03-03,9647,9673,9623,9630,116.24,
2017-03-06,9640,9684,9619,9682,120.14,
2017-03-07,9690,9733,9681,9728,129.24,
2017-03-08,9738,9765,9701,9746,133.74,
2017-03-09,9740,9741,9642,9649,125.69,
2017-03-10,9643,9652,9555,9624,121.21,
2017-03-13,9640,9698,9640,9693,128.36,
2017-03-14,9719,9767,9712,9748,138.22,
2017-03-15,9738,9752,9715,9733,128.83,
2017-03-16,9800,9852,9782,9840,144.24,
2017-03-17,9850,9896,9837,9889,148.69,
2017-03-20,9873,9908,9855,9896,149.65,
2017-03-21,9925,9980,9916,9963,150.17,
2017-03-22,9890,9907,9851,9896,124.59,
2017-03-23,9938,9952,9879,9909,126.51,
2017-03-24,9925,9928,9883,9900,128.34,
2017-03-27,9878,9917,9844,9866,130.76,
2017-03-28,9917,9927,9805,9884,119.31,
2017-03-29,9902,9905,9852,9860,119.68,
2017-03-30,9863,9888,9834,9848,129.97,
2017-03-31,9858,9872,9813,9821,126.81,
2017-04-05,9847,9968,9843,9962,123.71,
2017-04-06,9932,9941,9881,9895,130.37,
2017-04-07,9900,9904,9772,9861,121.88,
2017-04-10,9866,9892,9844,9875,125.71,
2017-04-11,9865,9895,9807,9817,121.19,
2017-04-12,9818,9830,9776,9814,121.71,
2017-04-13,9797,9869,9792,9845,127.89,
2017-04-14,9805,9809,9711,9716,118.74,
2017-04-17,9740,9754,9680,9721,113.35,
2017-04-18,9759,9772,9721,9736,112.15,
2017-04-19,9700,9707,9631,9639,114.24,
2017-04-20,9596,9640,9585,9615,114.6,
2017-04-21,9670,9706,9655,9698,130.63,
2017-04-24,9744,9766,9684,9706,128.82,
2017-04-25,9749,9827,9727,9814,155.73,
2017-04-26,9856,9870,9826,9842,129.54,
2017-04-27,9830,9850,9808,9838,137.73,
2017-04-28,9846,9884,9834,9856,142.85,
2017-05-02,9895,9950,9895,9930,158.73,
2017-05-03,9943,9966,9934,9937,145.01,
2017-05-04,9950,9964,9919,9959,144.14,
2017-05-05,9948,9950,9879,9886,137.28,
2017-05-08,9926,9959,9895,9921,136.84,
2017-05-09,9917,9994,9898,9902,135.38,
2017-05-10,9942,9959,9918,9948,137.66,
2017-05-11,9962,9997,9946,9988,141.86,
2017-05-12,9980,9996,9965,9981,140.14,
2017-05-15,9988,10031,9976,10025,143.1,
2017-05-16,10024,10055,10000,10021,142.46,
2017-05-17,10013,10026,9976,9999,113.2,
2017-05-18,9980,9996,9877,9951,122.57,
2017-05-19,9964,9973,9922,9932,126.3,
2017-05-22,9932,9980,9931,9974,129.39,
2017-05-23,9972,10016,9967,9994,133.43,
2017-05-24,9992,10030,9989,10020,120.18,
2017-05-25,10022,10110,10020,10107,132.09,
2017-05-26,10114,10136,10080,10093,132.23,
2017-05-31,10093,10105,10023,10029,122.39,
2017-06-01,10028,10076,10004,10070,123.86,
2017-06-02,10070,10136,10065,10134,131.78,
2017-06-03,10134,10159,10131,10156,133.64,
2017-06-05,10147,10207,10115,10202,147.21,
2017-06-06,10203,10210,10184,10185,149.58,
2017-06-07,10186,10230,10165,10191,135.59,
2017-06-08,10191,10218,10181,10212,136.43,
2017-06-09,10215,10252,10186,10191,139.44,
2017-06-12,10193,10210,10108,10118,122.31,
2017-06-13,10116,10143,10084,10136,120.42,
2017-06-14,10135,10166,10021,10062,119.1,
2017-06-15,10063,10079,10017,10072,115.85,
2017-06-16,10070,10159,10035,10146,132.49,
2017-06-19,10149,10250,10135,10240,144.55,
2017-06-20,10244,10352,10243,10322,163.7,
2017-06-21,10322,10371,10268,10369,121.35,
2017-06-22,10177,10233,10158,10231,132.99,
2017-06-23,10226,10245,10194,10215,138.18,
2017-06-26,10216,10395,10182,10381,155.6,
2017-06-27,10382,10423,10353,10368,142.09,
2017-06-28,10361,10362,10248,10261,114.46,
2017-06-29,10268,10356,10249,10295,117.44,
2017-06-30,10297,10302,10195,10252,112.97,
2017-07-03,10251,10290,10231,10288,112.38,
2017-07-04,10289,10318,10211,10215,107.33,
2017-07-05,10215,10304,10171,10299,120.89,
2017-07-06,10302,10331,10237,10267,116.17,
2017-07-07,10261,10265,10196,10202,110.15,
2017-07-10,10203,10242,10180,10209,109.36,
2017-07-11,10205,10355,10192,10342,125.8,
2017-07-12,10345,10384,10316,10339,123.72,
2017-07-13,10332,10442,10321,10419,131.68,
2017-07-14,10401,10423,10389,10403,131.18,
2017-07-17,10403,10480,10397,10435,134.31,
2017-07-18,10436,10465,10407,10462,136.62,
2017-07-19,10463,10542,10439,10500,129.63,
2017-07-20,10385,10425,10370,10391,137.02,
2017-07-21,10386,10396,10324,10328,126.75,
2017-07-24,10324,10364,10286,10360,127.67,
2017-07-25,10362,10388,10338,10362,125.15,
2017-07-26,10355,10422,10320,10330,122.75,
2017-07-27,10330,10462,10328,10447,139.36,
2017-07-28,10453,10466,10324,10339,123.74,
2017-07-31,10340,10363,10289,10355,119.56,
2017-08-01,10357,10424,10341,10367,129.46,
2017-08-02,10372,10471,10371,10453,134.87,
2017-08-03,10460,10469,9408,10407,128.24,
2017-08-04,10408,10456,10396,10439,133.03,
2017-08-07,10444,10539,10435,10530,153.29,
2017-08-08,10529,10568,10485,10525,147.2,
2017-08-09,10525,10544,10437,10455,127.26,
2017-08-10,10456,10485,10309,10330,117.5,
2017-08-11,10332,10334,10221,10301,119.55,
2017-08-14,10311,10356,10223,10229,115.95,
2017-08-15,10233,10330,10233,10308,121.11,
2017-08-16,10322,10322,10235,10253,153.36,
2017-08-17,10233,10324,10231,10296,163.99,
2017-08-18,10302,10311,10200,10257,152.83,
2017-08-21,10250,10279,10218,10269,155.27,
2017-08-22,10266,10369,10255,10349,173.66,
2017-08-23,10357,10419,10341,10359,160.27,
2017-08-24,10360,10460,10340,10447,178.03,
2017-08-25,10457,10494,10431,10487,186.45,
2017-08-28,10489,10515,10457,10489,182.55,
2017-08-29,10481,10513,10421,10464,174.39,
2017-08-30,10470,10552,10433,10530,167.5,
2017-08-31,10544,10582,10531,10550,171.26,
2017-09-01,10553,10598,10540,10574,177.81,
2017-09-04,10579,10597,10534,10552,176.41,
2017-09-05,10545,10590,10527,10582,175.4,
2017-09-06,10583,10585,10483,10520,171.35,
2017-09-07,10520,10568,10478,10491,161.73,
2017-09-08,10489,10571,10486,10551,174.56,
2017-09-11,10555,10635,10535,10563,172.96,
2017-09-12,10566,10614,10558,10589,180.04,
2017-09-13,10595,10605,10510,10521,174.27,
2017-09-14,10514,10545,10486,10529,171.27,
2017-09-15,10532,10570,10491,10566,162.58,
2017-09-18,10568,10649,10563,10635,175.83,
2017-09-19,10641,10657,10568,10579,168.27,
2017-09-20,10570,10585,10490,10509,188.25,
2017-09-21,10510,10583,10462,10573,173.45,
2017-09-22,10575,10578,10427,10432,149.12,
2017-09-25,10432,10453,10314,10332,125.93,
2017-09-26,10333,10369,10261,10263,115.03,
2017-09-27,10268,10340,10260,10323,144.79,
2017-09-28,10321,10350,10266,10305,133.47,
2017-09-29,10294,10329,10263,10318,127.01,
2017-09-30,10324,10394,10318,10379,133.39,
2017-10-02,10392,10457,10386,10450,142.51,
2017-10-03,10437,10476,10427,10463,146.02,
2017-10-05,10456,10519,10438,10505,146.22,
2017-10-06,10510,10544,10495,10523,149.83,
2017-10-11,10519,10647,10507,10632,160.54,
2017-10-12,10635,10705,10627,10697,172.7,
2017-10-13,10695,10713,10670,10710,178.88,
2017-10-16,10709,10762,10704,10756,188.13,
2017-10-17,10751,10781,10720,10722,177.04,
2017-10-18,10716,10784,10686,10729,171.37,
2017-10-19,10725,10799,10723,10761,175.14,
2017-10-20,10758,10763,10685,10729,170.1,
2017-10-23,10742,10786,10720,10736,169.56,
2017-10-24,10737,10758,10709,10744,170.77,
2017-10-25,10741,10782,10728,10738,173.09,
2017-10-26,10741,10750,10691,10726,174.19,
2017-10-27,10727,10792,10685,10710,168.61,
2017-10-30,10710,10820,10709,10745,173.54,
2017-10-31,10751,10799,10730,10782,183.22,
2017-11-01,10781,10826,10776,10808,181.18,
2017-11-02,10808,10832,10758,10781,175.59,
2017-11-03,10782,10810,10747,10787,174.68,
2017-11-06,10787,10828,10745,10771,175.76,
2017-11-07,10774,10825,10768,10823,183.67,
2017-11-08,10827,10831,10796,10805,181.61,
2017-11-09,10801,10823,10706,10722,166.85,
2017-11-10,10733,10737,10662,10728,161.39,
2017-11-13,10723,10727,10688,10691,157.98,
2017-11-14,10691,10714,10638,10684,148.01,
2017-11-15,10680,10685,10601,10638,170.64,
2017-11-16,10601,10633,10551,10617,163.14,
2017-11-17,10625,10710,10620,10703,176.2,
2017-11-20,10710,10728,10653,10666,167.96,
2017-11-21,10662,10787,10659,10785,191.42,
2017-11-22,10788,10877,10781,10826,162.59,
2017-11-23,10830,10857,10810,10854,162.8,
2017-11-24,10846,10856,10825,10854,164.12,
2017-11-27,10850,10870,10737,10749,147.32,
2017-11-28,10749,10765,10694,10708,135.07,
2017-11-29,10715,10763,10708,10728,156.33,
2017-11-30,10735,10742,10570,10576,137.39,
2017-12-01,10576,10664,10496,10603,137.31,
2017-12-04,10610,10651,10534,10649,137.76,
2017-12-05,10651,10653,10546,10571,131.45,
2017-12-06,10567,10593,10376,10384,131.82,
2017-12-07,10388,10427,10321,10365,126.17,
2017-12-08,10355,10413,10333,10396,125.88,
2017-12-11,10391,10497,10383,10478,133.01,
2017-12-12,10484,10496,10386,10431,126.67,
2017-12-13,10430,10474,10414,10450,140.18,
2017-12-14,10455,10583,10454,10527,145.13,
2017-12-15,10532,10543,10421,10485,135.06,
2017-12-18,10475,10531,10456,10501,137.13,
2017-12-19,10503,10530,10443,10457,130.34,
2017-12-20,10459,10509,10430,10496,157.0,
2017-12-21,10512,10540,10475,10495,154.25,
2017-12-22,10495,10535,10473,10533,157.13,
2017-12-25,10537,10565,10518,10525,161.75,
2017-12-26,10526,10541,10406,10417,134.01,
2017-12-27,10419,10485,10388,10474,157.73,
2017-12-28,10476,10593,10475,10561,166.37,
2017-12-29,10567,10644,10565,10633,180.4,
2018-01-02,10631,10710,10614,10708,194.18,
2018-01-03,10716,10797,10694,10788,183.92,
2018-01-04,10792,10840,10770,10837,178.58,
2018-01-05,10835,10867,10801,10858,184.73,
2018-01-08,10860,10900,10844,10884,184.02,
2018-01-09,10885,10909,10850,10879,182.98,
2018-01-10,10888,10904,10806,10810,183.18,
2018-01-11,10814,10834,10766,10799,175.91,
2018-01-12,10795,10898,10788,10876,192.14,
2018-01-15,10883,10958,10874,10956,197.02,
2018-01-16,10946,10987,10917,10983,201.63,
2018-01-17,10986,11024,10941,11020,154.12,
2018-01-18,10993,11137,10992,11058,156.6,
2018-01-19,11062,11142,11055,11138,163.35,
2018-01-22,11143,11225,11113,11222,174.37,
2018-01-23,11210,11253,11180,11225,170.31,
2018-01-24,11226,11234,11090,11125,163.07,
2018-01-25,11140,11272,11098,11149,166.23,
2018-01-26,11158,11187,11080,11144,158.51,
2018-01-29,11148,11238,11144,11197,149.24,
2018-01-30,11188,11197,11064,11065,136.45,
2018-01-31,11078,11144,11017,11098,174.69,
2018-02-01,11105,11199,11086,11160,178.88,
2018-02-02,11156,11162,11042,11114,168.01,
2018-02-05,11104,11116,10848,10927,147.85,
2018-02-06,10925,10949,10243,10396,104.55,
2018-02-07,10418,10668,10401,10518,141.53,
2018-02-08,10508,10611,10492,10518,136.55,
2018-02-09,10508,10522,10123,10353,130.84,
2018-02-12,10336,10438,10188,10413,129.34,
2018-02-21,10413,10717,10383,10706,148.78,
2018-02-22,10706,10773,10593,10624,132.38,
2018-02-23,10614,10788,10599,10782,141.96,
2018-02-26,10799,10872,10773,10820,135.37,
2018-02-27,10817,10914,10783,10789,136.35,
2018-03-01,10786,10806,10600,10734,146.8,
2018-03-02,10755,10788,10575,10678,133.26,
2018-03-05,10680,10741,10593,10632,127.63,
2018-03-06,10624,10788,10604,10786,136.58,
2018-03-07,10795,10837,10700,10708,144.9,
2018-03-08,10709,10847,10707,10827,149.5,
2018-03-09,10836,10910,10827,10862,145.93,
2018-03-12,10860,11025,10844,11022,164.04,
2018-03-13,11036,11103,11013,11099,173.75,
2018-03-14,11096,11121,11003,11030,165.05,
2018-03-15,11028,11073,10970,11041,161.14,
2018-03-16,11056,11083,10922,11016,154.97,
2018-03-19,11005,11054,10959,11026,159.52,
2018-03-20,11030,11032,10920,11011,154.08,
2018-03-21,11020,11073,10991,11044,151.19,
2018-03-22,11000,11122,10961,10990,137.95,
2018-03-23,10981,10983,10715,10733,120.97,
2018-03-26,10750,10847,10621,10840,126.71,
2018-03-27,10864,10991,10808,10989,141.38,
2018-03-28,10998,11000,10809,10819,148.2,
2018-03-29,10826,10858,10763,10840,145.13,
2018-03-30,10855,10974,10842,10918,149.71,
2018-03-31,10929,10953,10912,10924,146.96,
2018-04-02,10921,10959,10843,10863,140.6,
2018-04-03,10852,10879,10701,10783,135.37,
2018-04-09,10795,10911,10786,10903,156.31,
2018-04-10,10917,10993,10852,10948,158.38,
2018-04-11,10963,11007,10937,10977,161.86,
2018-04-12,10976,11024,10905,10942,159.23,
2018-04-13,10916,10988,10907,10957,159.84,
2018-04-16,10966,10984,10908,10942,153.98,
2018-04-17,10939,10968,10801,10807,129.88,
2018-04-18,10808,10909,10773,10846,140.85,
2018-04-19,10844,10975,10808,10967,148.92,
2018-04-20,10943,10968,10775,10786,121.89,
2018-04-23,10759,10767,10682,10691,106.66,
2018-04-24,10687,10694,10547,10585,94.4,
2018-04-25,10579,10624,10412,10535,116.34,
2018-04-26,10537,10621,10470,10475,108.9,
2018-04-27,10461,10565,10450,10560,110.18,
2018-04-30,10568,10655,10530,10653,126.82,
2018-05-02,10645,10670,10597,10609,120.13,
2018-05-03,10615,10633,10488,10506,109.42,
2018-05-04,10506,10545,10407,10522,106.86,
2018-05-07,10508,10615,10480,10594,111.8,
2018-05-08,10580,10672,10568,10667,123.77,
2018-05-09,10675,10731,10651,10703,123.46,
2018-05-10,10708,10770,10695,10763,126.11,
2018-05-11,10757,10865,10752,10860,139.82,
2018-05-14,10856,10968,10853,10956,144.64,
2018-05-15,10951,10975,10857,10866,138.19,
2018-05-16,10865,10906,10818,10872,147.37,
2018-05-17,10879,10929,10823,10824,133.53,
2018-05-18,10812,10874,10790,10819,132.25,
2018-05-21,10829,10966,10798,10963,149.25,
2018-05-22,10963,10999,10913,10920,130.06,
2018-05-23,10926,10993,10855,10857,137.87,
2018-05-24,10858,10922,10815,10917,141.89,
2018-05-25,10926,10956,10861,10932,150.21,
2018-05-28,10935,10989,10918,10983,151.75,
2018-05-29,10981,10987,10896,10929,139.31,
2018-05-30,10914,10918,10761,10776,131.61,
2018-05-31,10782,10870,10774,10865,129.89,
2018-06-01,10864,10925,10820,10914,143.9,
2018-06-04,10924,11095,10920,11084,165.02,
2018-06-05,11089,11136,11035,11069,152.87,
2018-06-06,11069,11210,11042,11198,155.99,
2018-06-07,11208,11253,11174,11227,152.43,
2018-06-08,11234,11240,11103,11125,135.11,
2018-06-11,11115,11173,11071,11128,132.06,
2018-06-12,11132,11156,11054,11141,125.38,
2018-06-13,11143,11169,11096,11146,138.41,
2018-06-14,11133,11147,10984,10985,123.8,
2018-06-15,10968,11075,10957,11054,127.88,
2018-06-19,11045,11051,10873,10875,110.74,
2018-06-20,10845,10952,10814,10936,108.09,
2018-06-21,10730,10748,10688,10707,104.1,
2018-06-22,10681,10685,10582,10655,99.68,
2018-06-25,10665,10676,10583,10584,93.35,
2018-06-26,10581,10598,10484,10592,88.84,
2018-06-27,10591,10625,10538,10556,90.92,
2018-06-28,10537,10596,10484,10523,98.99,
2018-06-29,10505,10691,10485,10677,114.53,
2018-07-02,10688,10719,10609,10610,111.59,
2018-07-03,10590,10716,10543,10621,106.44,
2018-07-04,10623,10647,10583,10617,103.94,
2018-07-05,10614,10639,10488,10501,91.77,
2018-07-06,10500,10556,10414,10538,90.0,
2018-07-09,10517,10675,10493,10662,101.64,
2018-07-10,10668,10744,10660,10708,105.48,
2018-07-11,10619,10657,10575,10614,97.05,
2018-07-12,10605,10750,10599,10738,110.58,
2018-07-13,10741,10850,10733,10848,118.73,
2018-07-16,10842,10874,10807,10813,114.81,
2018-07-17,10816,10828,10756,10769,112.53,
2018-07-18,10766,10872,10757,10843,112.61,
2018-07-19,10719,10792,10709,10720,120.52,
2018-07-20,10709,10847,10692,10824,131.99,
2018-07-23,10840,10868,10793,10829,130.34,
2018-07-24,10839,10879,10802,10871,134.82,
2018-07-25,10865,10912,10851,10864,122.76,
2018-07-26,10877,10926,10865,10914,126.33,
2018-07-27,10915,10995,10912,10991,144.2,
2018-07-30,10997,11038,10937,10939,130.9,
2018-07-31,10948,10997,10913,10990,136.47,
2018-08-01,10982,11057,10981,11044,139.2,
2018-08-02,11049,11059,10862,10872,106.07,
2018-08-03,10867,10977,10863,10967,112.76,
2018-08-06,10974,11036,10957,10980,120.75,
2018-08-07,10978,11004,10950,10968,116.26,
2018-08-08,10982,11070,10977,11047,134.28,
2018-08-09,11045,11066,10968,11017,126.2,
2018-08-10,11014,11029,10954,10961,123.68,
2018-08-13,10955,10971,10693,10756,99.29,
2018-08-14,10770,10831,10727,10818,102.87,
2018-08-15,10831,10843,10696,10737,104.78,
2018-08-16,10684,10724,10586,10687,107.2,
2018-08-17,10686,10747,10647,10661,103.9,
2018-08-20,10655,10715,10613,10670,104.96,
2018-08-21,10693,10774,10673,10766,114.76,
2018-08-22,10761,10806,10733,10763,112.06,
2018-08-23,10770,10845,10758,10840,114.07,
2018-08-24,10845,10851,10728,10787,105.56,
2018-08-27,10773,10892,10762,10885,125.49,
2018-08-28,10890,10980,10885,10954,131.52,
2018-08-29,10958,11048,10950,11041,134.92,
2018-08-30,11047,11134,11019,11022,131.42,
2018-08-31,11035,11047,10953,11022,126.17,
2018-09-03,11010,11045,10920,10934,114.07,
2018-09-04,10941,11004,10935,11002,123.58,
2018-09-05,11007,11021,10943,10949,132.76,
2018-09-06,10921,10951,10600,10900,123.87,
2018-09-07,10895,10929,10803,10845,115.03,
2018-09-10,10844,10879,10708,10734,100.22,
2018-09-11,10727,10767,10682,10741,100.49,
2018-09-12,10735,10774,10687,10724,111.28,
2018-09-13,10715,10779,10696,10718,107.59,
2018-09-14,10725,10887,10724,10879,124.46,
2018-09-17,10880,10905,10810,10824,117.03,
2018-09-18,10820,10834,10761,10781,111.29,
2018-09-19,10813,10876,10802,10872,115.49,
2018-09-20,10880,10922,10825,10847,108.42,
2018-09-21,10841,10975,10840,10972,127.31,
2018-09-25,10979,10996,10935,10978,121.49,
2018-09-26,10986,10997,10948,10972,113.79,
2018-09-27,10965,11011,10920,10980,112.54,
2018-09-28,10988,11039,10920,10955,102.12,
2018-10-01,10944,11018,10922,11006,110.44,
2018-10-02,11010,11022,10873,10879,91.76,
2018-10-03,10863,10914,10841,10854,109.83,
2018-10-04,10862,10877,10689,10697,86.58,
2018-10-05,10680,10700,10431,10510,74.88,
2018-10-08,10510,10530,10407,10464,74.78,
2018-10-09,10441,10508,10385,10461,78.1,
2018-10-11,10460,10477,9630,9654,72.24,
2018-10-12,9703,10021,9642,9958,78.14,
2018-10-15,9978,9978,9852,9862,75.61,
2018-10-16,9853,9992,9843,9949,81.29,
2018-10-17,9947,10115,9936,9993,99.55,
2018-10-18,9980,9988,9870,9883,96.85,
2018-10-19,9874,9915,9745,9901,94.34,
2018-10-22,9905,9972,9761,9935,96.4,
2018-10-23,9932,9946,9723,9729,86.55,
2018-10-24,9710,9791,9589,9715,94.11,
2018-10-25,9698,9749,9413,9486,82.12,
2018-10-26,9509,9636,9339,9424,79.97,
2018-10-29,9448,9539,9348,9472,82.63,
2018-10-30,9461,9574,9330,9523,86.46,
2018-10-31,9511,9747,9484,9725,96.92,
2018-11-01,9721,9827,9705,9788,98.66,
2018-11-02,9770,9877,9752,9872,106.55,
2018-11-05,9882,9931,9741,9817,103.55,
2018-11-06,9814,9868,9747,9774,103.92,
2018-11-07,9784,9889,9756,9847,108.4,
2018-11-08,9843,9999,9836,9922,106.78,
2018-11-09,9916,9934,9754,9791,99.82,
2018-11-12,9776,9864,9701,9812,104.67,
2018-11-13,9819,9822,9528,9726,99.31,
2018-11-14,9730,9810,9719,9768,109.05,
2018-11-15,9772,9840,9708,9827,114.51,
2018-11-16,9842,9927,9756,9785,110.88,
2018-11-19,9780,9838,9735,9818,111.64,
2018-11-20,9827,9850,9703,9732,103.94,
2018-11-21,9733,9760,9623,9742,128.64,
2018-11-22,9741,9788,9700,9714,120.07,
2018-11-23,9719,9733,9613,9625,114.84,
2018-11-26,9624,9850,9621,9769,128.2,
2018-11-27,9768,9808,9645,9739,119.58,
2018-11-28,9728,9880,9703,9868,123.07,
2018-11-29,9879,9995,9861,9877,126.76,
2018-11-30,9873,9942,9847,9854,120.25,
2018-12-03,9855,10155,9815,10119,148.37,
2018-12-04,10125,10145,10034,10040,128.98,
2018-12-05,10043,10071,9863,9878,108.21,
2018-12-06,9888,9905,9626,9672,90.85,
2018-12-07,9664,9764,9573,9746,95.75,
2018-12-10,9749,9800,9560,9626,98.03,
2018-12-11,9626,9712,9583,9687,99.58,
2018-12-12,9689,9826,9659,9814,118.14,
2018-12-13,9820,9882,9790,9852,117.78,
2018-12-14,9867,9886,9675,9729,108.89,
2018-12-17,9722,9825,9687,9790,112.32,
2018-12-18,9790,9798,9687,9717,101.08,
2018-12-19,9725,9778,9717,9767,119.16,
2018-12-20,9749,9790,9595,9639,107.1,
2018-12-21,9649,9682,9556,9657,107.57,
2018-12-22,9669,9700,9575,9586,105.02,
2018-12-24,9604,9627,9587,9618,107.7,
2018-12-25,9622,9624,9410,9477,94.74,
2018-12-26,9479,9555,9438,9453,120.54,
2018-12-27,9478,9655,9465,9633,128.01,
2018-12-28,9621,9679,9540,9669,132.53,
2019-01-02,9660,9763,9506,9529,107.87,
2019-01-03,9527,9590,9433,9443,98.21,
2019-01-04,9449,9475,9306,9370,92.14,
2019-01-07,9386,9588,9373,9563,108.83,
2019-01-08,9570,9632,9532,9558,108.17,
2019-01-09,9560,9755,9551,9709,120.78,
2019-01-10,9700,9750,9673,9694,119.56,
2019-01-11,9691,9802,9687,9750,128.15,
2019-01-14,9756,9779,9660,9689,119.84,
2019-01-15,9684,9817,9676,9794,129.74,
2019-01-16,9805,9813,9755,9783,137.03,
2019-01-17,9773,9834,9721,9779,127.14,
2019-01-18,9737,9850,9732,9821,132.6,
2019-01-21,9822,9922,9817,9864,137.27,
2019-01-22,9868,9892,9822,9845,133.67,
2019-01-23,9850,9873,9795,9819,131.76,
2019-01-24,9819,9885,9798,9860,129.17,
2019-01-25,9863,9989,9855,9968,148.49,
2019-01-28,9972,10038,9970,9986,151.76,
2019-01-29,9979,9984,9880,9922,131.04,
2019-01-30,9925,9956,9896,9924,139.41,
2019-02-11,9924,10066,9918,9998,139.42,
2019-02-12,10010,10092,10004,10084,144.62,
2019-02-13,10089,10141,10056,10085,134.5,
2019-02-14,10091,10124,10034,10079,131.11,
2019-02-15,10087,10116,10022,10042,135.46,
2019-02-18,10040,10161,10029,10138,144.78,
2019-02-19,10143,10158,10108,10143,147.52,
2019-02-20,10147,10263,10129,10256,147.74,
2019-02-21,10253,10326,10232,10323,151.63,
2019-02-22,10308,10322,10245,10308,143.13,
2019-02-25,10314,10377,10314,10366,147.85,
2019-02-26,10379,10420,10336,10352,147.38,
2019-02-27,10353,10383,10326,10361,143.87,
2019-03-04,10345,10400,10276,10312,124.34,
2019-03-05,10304,10310,10215,10275,124.37,
2019-03-06,10282,10333,10257,10322,144.79,
2019-03-07,10328,10355,10260,10261,136.44,
2019-03-08,10266,10292,10162,10201,127.11,
2019-03-11,10190,10233,10149,10227,128.73,
2019-03-12,10232,10385,10208,10348,143.04,
2019-03-13,10350,10366,10305,10363,131.9,
2019-03-14,10358,10413,10322,10337,132.94,
2019-03-15,10337,10430,10318,10413,142.09,
2019-03-18,10414,10488,10409,10478,139.43,
2019-03-19,10485,10511,10461,10501,144.28,
2019-03-20,10505,10553,10492,10546,143.29,
2019-03-21,10520,10592,10480,10588,149.64,
2019-03-22,10570,10663,10560,10613,138.71,
2019-03-25,10610,10629,10423,10437,111.01,
2019-03-26,10422,10539,10419,10523,122.67,
2019-03-27,10518,10570,10473,10520,143.14,
2019-03-28,10525,10529,10443,10493,131.35,
2019-03-29,10500,10600,10475,10598,149.82,
2019-04-01,10594,10715,10592,10640,153.78,
2019-04-02,10645,10704,10640,10678,157.74,
2019-04-03,10681,10727,10644,10695,176.86,
2019-04-08,10702,10795,10700,10770,182.47,
2019-04-09,10780,10848,10768,10843,192.32,
2019-04-10,10846,10879,10800,10861,205.71,
2019-04-11,10862,10885,10774,10806,178.98,
2019-04-12,10808,10832,10781,10802,175.81,
2019-04-15,10805,10895,10800,10876,180.09,
2019-04-16,10868,10933,10833,10930,185.34,
2019-04-17,10931,11009,10928,11005,157.78,
2019-04-18,10990,11042,10921,10938,148.9,
2019-04-19,10939,11036,10937,10973,136.86,
2019-04-22,10980,11030,10958,10978,133.61,
2019-04-23,10973,11025,10934,11023,141.55,
2019-04-24,11024,11060,10970,11009,133.94,
2019-04-25,11006,11040,10961,11030,139.49,
2019-04-26,11016,11022,10900,10934,120.12,
2019-04-29,10921,10977,10902,10933,128.29,
2019-04-30,10941,10961,10883,10952,127.41,
2019-05-02,10952,11033,10926,10978,145.51,
2019-05-03,10985,11094,10942,11092,153.69,
2019-05-06,11094,11138,10821,10860,120.46,
2019-05-07,10851,10996,10841,10971,134.66,
2019-05-08,10992,10994,10824,10893,141.51,
2019-05-09,10894,10922,10716,10747,119.51,
2019-05-10,10729,10850,10594,10744,121.07,
2019-05-13,10757,10790,10566,10574,110.65,
2019-05-14,10572,10575,10376,10531,110.11,
2019-05-15,10525,10609,10505,10579,133.9,
2019-05-16,10581,10597,10482,10489,126.18,
2019-05-17,10499,10568,10406,10413,111.6,
2019-05-20,10407,10485,10364,10432,113.16,
2019-05-21,10435,10503,10347,10487,118.31,
2019-05-22,10482,10515,10453,10479,115.77,
2019-05-23,10476,10490,10285,10311,104.38,
2019-05-24,10295,10385,10238,10341,109.89,
2019-05-27,10352,10391,10284,10332,107.17,
2019-05-28,10343,10374,10309,10340,106.55,
2019-05-29,10330,10344,10216,10291,105.82,
2019-05-30,10271,10382,10241,10365,109.41,
2019-05-31,10373,10493,10330,10455,116.66,
2019-06-03,10444,10477,10366,10471,115.22,
2019-06-04,10472,10499,10401,10416,109.53,
2019-06-05,10413,10510,10409,10456,108.1,
2019-06-06,10448,10470,10351,10365,101.69,
2019-06-10,10361,10546,10338,10540,110.32,
2019-06-11,10546,10618,10533,10590,114.79,
2019-06-12,10591,10616,10561,10591,116.27,
2019-06-13,10584,10594,10497,10528,108.3,
2019-06-14,10523,10558,10515,10528,106.34,
2019-06-17,10521,10566,10460,10545,108.15,
2019-06-18,10544,10576,10526,10554,111.01,
2019-06-19,10559,10800,10548,10770,126.8,
2019-06-20,10575,10604,10542,10592,116.56,
2019-06-21,10601,10677,10564,10586,110.56,
2019-06-24,10594,10647,10554,10622,113.54,
2019-06-25,10619,10630,10523,10539,100.52,
2019-06-26,10543,10568,10500,10505,95.78,
2019-06-27,10505,10641,10504,10621,108.71,
2019-06-28,10626,10636,10551,10577,99.68,
2019-07-01,10585,10779,10566,10766,119.96,
2019-07-02,10767,10782,10729,10749,119.37,
2019-07-03,10751,10760,10152,10641,105.28,
2019-07-04,10642,10729,10642,10707,113.86,
2019-07-05,10703,10749,10681,10718,113.87,
2019-07-08,10712,10714,10630,10665,109.74,
2019-07-09,10659,10698,10631,10650,102.73,
2019-07-10,10649,10740,10635,10732,115.29,
2019-07-11,10725,10833,10720,10813,126.44,
2019-07-12,10815,10830,10776,10811,122.94,
2019-07-15,10805,10860,10730,10849,129.29,
2019-07-16,10851,10892,10839,10878,134.81,
2019-07-17,10872,10874,10805,10832,105.69,
2019-07-18,10669,10676,10623,10651,99.94,
2019-07-19,10663,10792,10656,10740,112.93,
2019-07-22,10742,10798,10711,10795,125.18,
2019-07-23,10791,10836,10785,10803,127.89,
2019-07-24,10803,10835,10792,10804,116.36,
2019-07-25,10801,10832,10769,10822,117.61,
2019-07-26,10828,10828,10764,10788,116.69,
2019-07-29,10786,10802,10744,10782,119.93,
2019-07-30,10787,10837,10752,10752,113.89,
2019-07-31,10746,10747,10675,10736,113.27,
2019-08-01,10724,10733,10566,10644,108.87,
2019-08-02,10635,10696,10440,10469,95.54,
2019-08-05,10473,10473,10358,10376,91.8,
2019-08-06,10380,10390,10088,10329,93.3,
2019-08-07,10336,10375,10285,10346,102.69,
2019-08-08,10352,10454,10256,10436,108.55,
2019-08-12,10440,10482,10380,10439,111.76,
2019-08-13,10440,10452,10320,10343,103.72,
2019-08-14,10327,10491,10305,10429,111.97,
2019-08-15,10423,10425,10222,10300,104.91,
2019-08-16,10329,10421,10206,10412,111.62,
2019-08-19,10404,10489,10390,10481,118.15,
2019-08-20,10493,10530,10477,10526,119.11,
2019-08-21,10518,10544,10493,10528,120.31,
2019-08-22,10494,10564,10464,10476,115.05,
2019-08-23,10476,10513,10435,10497,116.61,
2019-08-26,10505,10511,10294,10307,98.28,
2019-08-27,10333,10390,10333,10363,105.25,
2019-08-28,10366,10438,10350,10412,118.75,
2019-08-29,10413,10441,10358,10430,122.06,
2019-08-30,10432,10584,10425,10577,129.2,
2019-09-02,10573,10620,10555,10603,134.55,
2019-09-03,10601,10632,10537,10543,127.4,
2019-09-04,10540,10657,10523,10644,132.78,
2019-09-05,10681,10762,10675,10734,137.93,
2019-09-06,10718,10795,10714,10767,145.89,
2019-09-09,10776,10827,10758,10793,142.5,
2019-09-10,10795,10814,10730,10742,140.04,
2019-09-11,10747,10808,10723,10774,151.2,
2019-09-12,10775,10870,10761,10824,138.3,
2019-09-16,10818,10885,10796,10878,146.84,
2019-09-17,10886,10913,10858,10865,145.79,
2019-09-18,10864,10963,10854,10960,139.49,
2019-09-19,10900,10936,10845,10867,129.27,
2019-09-20,10862,10919,10856,10899,136.94,
2019-09-23,10906,10929,10858,10892,137.7,
2019-09-24,10895,10932,10865,10905,138.7,
2019-09-25,10906,10908,10806,10841,146.38,
2019-09-26,10828,10894,10792,10843,136.78,
2019-09-27,10842,10898,10811,10823,132.19,
2019-10-01,10834,10962,10769,10953,155.32,
2019-10-02,10959,10964,10903,10923,145.41,
2019-10-03,10920,10922,10773,10849,131.59,
2019-10-04,10867,10911,10818,10877,133.47,
2019-10-07,10864,10938,10853,10914,141.52,
2019-10-08,10914,11021,10904,11000,166.26,
2019-10-09,11009,11009,10881,10883,144.63,
2019-10-14,10876,11091,10761,11073,170.97,
2019-10-15,11070,11122,11047,11107,183.61,
2019-10-16,11117,11172,11110,11145,150.86,
2019-10-17,11131,11166,11117,11158,155.64,
2019-10-18,11162,11245,11132,11149,143.77,
2019-10-21,11143,11173,11125,11157,144.7,
2019-10-22,11154,11252,11150,11240,163.99,
2019-10-23,11243,11268,11182,11200,155.79,
2019-10-24,11207,11291,11195,11288,161.07,
2019-10-25,11293,11328,11265,11283,161.76,
2019-10-28,11288,11341,11276,11311,159.72,
2019-10-29,11315,11366,11293,11325,156.52,
2019-10-30,11323,11350,11295,11338,157.55,
2019-10-31,11341,11396,11315,11344,147.22,
2019-11-01,11344,11377,11302,11371,153.88,
2019-11-04,11370,11554,11361,11542,181.53,
2019-11-05,11549,11650,11538,11645,176.41,
2019-11-06,11636,11682,11600,11650,174.47,
2019-11-07,11648,11662,11558,11596,157.69,
2019-11-08,11600,11674,11555,11572,147.67,
2019-11-11,11571,11602,11424,11437,120.95,
2019-11-12,11437,11527,11434,11524,134.03,
2019-11-13,11525,11525,11428,11466,138.71,
2019-11-14,11467,11512,11413,11456,137.77,
2019-11-15,11445,11564,11436,11532,146.77,
2019-11-18,11527,11594,11507,11592,155.11,
2019-11-19,11594,11654,11563,11645,163.43,
2019-11-20,11653,11665,11594,11607,133.72,
2019-11-21,11592,11612,11450,11545,130.36,
2019-11-22,11549,11593,11527,11554,129.4,
2019-11-25,11548,11629,11542,11566,130.73,
2019-11-26,11569,11658,11566,11618,140.85,
2019-11-27,11618,11651,11596,11647,136.78,
2019-11-28,11650,11682,11605,11613,128.67,
2019-11-29,11615,11623,11462,11464,114.3,
2019-12-02,11467,11533,11423,11502,115.24,
2019-12-03,11508,11530,11431,11523,117.56,
2019-12-04,11522,11543,11443,11502,124.89,
2019-12-05,11504,11618,11478,11598,134.89,
2019-12-06,11608,11670,11580,11611,136.47,
2019-12-09,11622,11698,11617,11671,144.98,
2019-12-10,11676,11683,11605,11624,133.38,
2019-12-11,11616,11706,11559,11704,143.13,
2019-12-12,11710,11888,11696,11851,166.26,
2019-12-13,11853,12007,11837,11963,166.48,
2019-12-16,11957,11991,11908,11959,165.68,
2019-12-17,11966,12101,11945,12099,191.54,
2019-12-18,12090,12129,12058,12118,134.28,
2019-12-19,12083,12118,12015,12031,112.46,
2019-12-20,12037,12079,11951,11979,106.42,
2019-12-23,11977,12029,11970,12020,108.72,
2019-12-24,12015,12044,11983,11983,105.19,
2019-12-25,11981,12027,11958,12019,122.63,
2019-12-26,12019,12043,11986,12007,123.62,
2019-12-27,12006,12111,12000,12097,138.47,
2019-12-30,12105,12125,12065,12069,129.88,
2019-12-31,12066,12076,11992,11994,113.18,
2020-01-02,11997,12120,11965,12101,127.11,
2020-01-03,12099,12198,11996,12087,121.91,
2020-01-06,12090,12093,11948,11949,99.09,
2020-01-07,11936,12009,11816,11871,89.28,
2020-01-08,11864,11912,11697,11788,105.88,
2020-01-09,11805,11999,11804,11969,112.63,
2020-01-10,11968,12042,11940,12011,121.25,
2020-01-13,12013,12121,11998,12116,140.1,
2020-01-14,12125,12200,12115,12181,151.26,
2020-01-15,12175,12197,12058,12062,157.52,
2020-01-16,12065,12085,11991,12052,152.05,
2020-01-17,12065,12118,12030,12071,149.04,
2020-01-20,12077,12160,12072,12111,151.09,
2020-01-30,12115,12116,11367,11372,106.12,
2020-01-31,11367,11568,11272,11469,109.66,
2020-02-03,11458,11471,11153,11324,97.38,
2020-02-04,11311,11557,11298,11534,118.12,
2020-02-05,11543,11639,11474,11542,128.4,
2020-02-06,11552,11744,11539,11739,143.37,
2020-02-07,11741,11742,11566,11589,132.35,
2020-02-10,11612,11625,11402,11565,129.73,
2020-02-11,11567,11688,11521,11664,133.18,
2020-02-12,11655,11797,11645,11770,154.87,
2020-02-13,11781,11842,11762,11775,161.83,
2020-02-14,11772,11852,11709,11810,156.08,
2020-02-17,11807,11812,11700,11769,144.58,
2020-02-18,11770,11787,11627,11640,124.7,
2020-02-19,11626,11805,11603,11759,184.1,
2020-02-20,11763,11830,11679,11713,163.11,
2020-02-21,11720,11765,11621,11663,159.91,
2020-02-24,11665,11678,11475,11511,137.89,
2020-02-25,11503,11561,11314,11541,140.33,
2020-02-26,11548,11555,11341,11421,172.19,
2020-02-27,11394,11487,11236,11276,143.1,
2020-03-02,11301,11345,11008,11176,128.56,
2020-03-03,11169,11374,11072,11321,135.71,
2020-03-04,11329,11399,11206,11358,173.5,
2020-03-05,11377,11501,11369,11491,175.04,
2020-03-06,11482,11486,11260,11269,149.07,
2020-03-09,11258,11287,10916,10951,121.63,
2020-03-10,10961,10996,10679,10981,124.33,
2020-03-11,10964,11049,10807,10824,149.15,
2020-03-12,10820,10878,10161,10362,120.4,
2020-03-13,10362,10379,9451,10027,109.93,
2020-03-16,10034,10346,9637,9679,104.65,
2020-03-17,9630,9677,9182,9371,107.34,
2020-03-18,9388,9500,9073,9264,206.72,
2020-03-19,8799,8870,8268,8356,138.09,
2020-03-20,8480,9165,8396,9041,153.07,
2020-03-23,9153,9340,8555,8665,139.89,
2020-03-24,8700,9295,8657,9193,164.88,
2020-03-25,9290,9625,9240,9585,198.07,
2020-03-26,9630,9788,9426,9631,182.99,
2020-03-27,9582,9911,9525,9579,173.83,
2020-03-30,9610,9623,9265,9566,165.9,
2020-03-31,9532,9718,9451,9595,165.01,
2020-04-01,9638,9666,9551,9555,180.53,
2020-04-06,9505,9879,9422,9823,171.57,
2020-04-07,9812,10020,9791,9998,173.2,
2020-04-08,10080,10184,9945,10122,184.91,
2020-04-09,10080,10197,10008,10100,177.12,
2020-04-10,10110,10140,9985,10133,173.63,
2020-04-13,10130,10185,10031,10079,166.97,
2020-04-14,10081,10355,10068,10343,191.24,
2020-04-15,10335,10463,10324,10451,207.67,
2020-04-16,10320,10343,10162,10301,182.64,
2020-04-17,10400,10669,10328,10563,180.06,
2020-04-20,10542,10568,10458,10475,160.26,
2020-04-21,10475,10479,10144,10196,136.66,
2020-04-22,10230,10243,10061,10222,180.09,
2020-04-23,10245,10402,10155,10292,168.17,
2020-04-24,10309,10363,10210,10268,166.52,
2020-04-27,10285,10567,10265,10545,187.93,
2020-04-28,10531,10627,10480,10583,178.83,
2020-04-29,10579,10770,10571,10709,186.37,
2020-04-30,10708,10971,10696,10947,185.92,
2020-05-04,10940,10946,10476,10610,153.78,
2020-05-05,10636,10795,10557,10719,157.48,
2020-05-06,10730,10780,10618,10749,170.27,
2020-05-07,10775,10878,10690,10833,162.47,
2020-05-08,10826,10956,10811,10894,161.82,
2020-05-11,10875,11038,10849,10982,158.91,
2020-05-12,10985,10995,10802,10865,146.66,
2020-05-13,10850,10938,10765,10914,166.48,
2020-05-14,10923,10960,10738,10749,146.96,
2020-05-15,10737,10876,10645,10817,143.66,
2020-05-18,10818,10844,10691,10761,137.55,
2020-05-19,10755,10972,10755,10868,147.38,
2020-05-20,10912,10959,10850,10888,216.45,
2020-05-21,10850,11008,10827,10953,188.43,
2020-05-22,10949,10964,10722,10744,154.03,
2020-05-25,10728,10840,10650,10821,155.2,
2020-05-26,10834,11027,10811,10984,177.59,
2020-05-27,11002,11037,10926,10973,191.08,
2020-05-28,10962,11077,10856,10911,166.6,
2020-05-29,10911,10983,10806,10919,160.73,
2020-06-01,10912,11103,10864,11057,175.36,
2020-06-02,11068,11140,11002,11107,170.8,
2020-06-03,11110,11299,11098,11283,192.67,
2020-06-04,11292,11472,11280,11358,175.06,
2020-06-05,11343,11472,11341,11457,173.34,
2020-06-08,11475,11626,11474,11570,173.94,
2020-06-09,11565,11631,11522,11606,169.74,
2020-06-10,11602,11730,11553,11704,191.87,
2020-06-11,11686,11745,11475,11491,164.18,
2020-06-12,11493,11532,11250,11391,155.57,
2020-06-15,11375,11484,11216,11225,146.92,
2020-06-16,11209,11555,11180,11522,166.62,
2020-06-17,11502,11574,11431,11520,105.19,
2020-06-18,11381,11431,11294,11395,112.22,
2020-06-19,11413,11470,11361,11409,116.34,
2020-06-22,11440,11498,11334,11421,124.1,
2020-06-23,11426,11540,11345,11456,119.05,
2020-06-24,11469,11570,11460,11523,121.44,
2020-06-29,11520,11528,11314,11363,104.73,
2020-06-30,11361,11502,11357,11470,120.64,
2020-07-01,11455,11623,11415,11544,121.3,
2020-07-02,11560,11711,11517,11695,126.1,
2020-07-03,11730,11850,11724,11834,132.57,
2020-07-06,11865,12073,11850,12067,140.57,
2020-07-07,12069,12192,11989,12028,139.95,
2020-07-08,12013,12145,11967,12126,138.7,
2020-07-09,12130,12222,12116,12149,135.92,
2020-07-10,12137,12213,11987,11995,128.5,
2020-07-13,12005,12210,12001,12204,146.02,
2020-07-14,12192,12297,12119,12188,143.76,
2020-07-15,12209,12323,12150,12220,126.72,
2020-07-16,12064,12128,11932,12029,108.62,
2020-07-17,12020,12138,11973,12039,110.89,
2020-07-20,12047,12076,11903,12033,113.41,
2020-07-21,12031,12324,12015,12288,148.09,
2020-07-22,12300,12369,12254,12332,118.17,
2020-07-23,12325,12339,12199,12287,109.63,
2020-07-24,12307,12351,12123,12150,106.31,
2020-07-27,12151,12572,12104,12498,145.18,
2020-07-28,12519,12900,12410,12454,128.35,
2020-07-29,12456,12543,12322,12421,127.96,
2020-07-30,12450,12656,12436,12595,128.65,
2020-07-31,12574,12644,12434,12576,125.83,
2020-08-03,12585,12600,12404,12440,113.61,
2020-08-04,12425,12632,12370,12629,126.45,
2020-08-05,12661,12745,12627,12741,126.5,
2020-08-06,12756,12925,12752,12836,130.44,
2020-08-07,12836,12879,12706,12759,123.95,
2020-08-10,12758,12905,12720,12854,130.81,
2020-08-11,12847,12874,12728,12735,122.95,
2020-08-12,12711,12782,12565,12655,121.36,
2020-08-13,12698,12836,12697,12725,117.16,
2020-08-14,12730,12790,12645,12789,122.23,
2020-08-17,12792,12959,12748,12953,140.11,
2020-08-18,12980,13029,12836,12877,134.52,
2020-08-19,12856,12955,12780,12807,125.76,
2020-08-20,12739,12778,12066,12298,90.08,
2020-08-21,12297,12599,12252,12551,108.43,
2020-08-24,12563,12653,12464,12603,115.59,
2020-08-25,12629,12795,12572,12735,129.56,
2020-08-26,12737,12798,12681,12795,139.5,
2020-08-27,12795,12925,12736,12758,132.09,
2020-08-28,12767,12810,12633,12688,118.69,
2020-08-31,12685,12826,12564,12589,115.02,
2020-09-01,12569,12698,12476,12688,124.41,
2020-09-02,12695,12775,12595,12690,128.86,
2020-09-03,12691,12858,12650,12734,122.58,
2020-09-04,12741,12758,12485,12607,118.43,
2020-09-07,12607,12733,12498,12580,121.02,
2020-09-08,12566,12695,12538,12667,128.81,
2020-09-09,12684,12699,12433,12598,119.77,
2020-09-10,12576,12706,12569,12698,120.1,
2020-09-11,12703,12736,12592,12663,116.05,
2020-09-14,12657,12797,12582,12784,123.44,
2020-09-15,12795,12854,12756,12843,133.07,
2020-09-16,12845,13018,12840,12969,119.57,
2020-09-17,12907,12957,12772,12815,108.12,
2020-09-18,12785,12866,12760,12833,111.17,
2020-09-21,12831,12877,12655,12659,101.92,
2020-09-22,12660,12677,12481,12509,90.68,
2020-09-23,12501,12575,12442,12528,97.97,
2020-09-24,12528,12567,12166,12180,87.82,
2020-09-25,12166,12309,12050,12195,95.6,
2020-09-28,12208,12421,12126,12415,112.84,
2020-09-29,12419,12521,12395,12421,115.59,
2020-09-30,12411,12547,12371,12473,117.8,
2020-10-05,12470,12620,12459,12529,114.99,
2020-10-06,12520,12703,12490,12677,128.57,
2020-10-07,12677,12758,12602,12754,123.17,
2020-10-08,12760,12876,12758,12873,122.14,
2020-10-12,12891,12995,12840,12921,121.69,
2020-10-13,12911,12984,12816,12915,122.44,
2020-10-14,12910,12956,12871,12890,120.69,
2020-10-15,12898,12907,12728,12840,106.88,
2020-10-16,12821,12865,12719,12748,106.15,
2020-10-19,12742,12912,12726,12893,116.84,
2020-10-20,12898,12928,12813,12855,116.2,
2020-10-21,12865,12946,12847,12861,100.37,
2020-10-22,12821,12840,12703,12836,97.51,
2020-10-23,12837,12894,12794,12838,108.65,
2020-10-26,12823,12935,12818,12860,114.36,
2020-10-27,12855,12868,12748,12808,116.08,
2020-10-28,12814,12819,12713,12743,102.59,
2020-10-29,12733,12743,12504,12603,107.1,
2020-10-30,12600,12634,12407,12413,97.34,
2020-11-02,12398,12531,12370,12516,98.34,
2020-11-03,12508,12716,12496,12684,111.9,
2020-11-04,12699,12880,12661,12864,110.65,
2020-11-05,12848,12950,12804,12891,112.67,
2020-11-06,12893,12991,12888,12937,116.52,
2020-11-09,12942,13175,12924,13126,126.1,
2020-11-10,13115,13350,13010,13071,122.54,
2020-11-11,13090,13281,13053,13261,129.71,
2020-11-12,13281,13328,13193,13226,125.77,
2020-11-13,13234,13296,13162,13282,124.27,
2020-11-16,13295,13581,13293,13579,144.88,
2020-11-17,13577,13768,13546,13624,142.73,
2020-11-18,13630,13789,13600,13757,127.7,
2020-11-19,13707,13839,13661,13742,119.4,
2020-11-20,13760,13789,13639,13733,120.04,
2020-11-23,13733,13943,13715,13873,138.27,
2020-11-24,13873,13929,13777,13799,122.72,
2020-11-25,13795,13909,13692,13712,106.61,
2020-11-26,13710,13862,13662,13839,115.2,
2020-11-27,13842,13890,13750,13878,121.89,
2020-11-30,13890,13975,13703,13720,110.22,
2020-12-01,13683,13885,13665,13875,118.26,
2020-12-02,13862,13980,13840,13955,114.73,
2020-12-03,13969,14047,13903,13982,113.58,
2020-12-04,13982,14148,13981,14133,124.19,
2020-12-07,14150,14247,14087,14220,124.0,
2020-12-08,14213,14349,14156,14340,141.34,
2020-12-09,14332,14425,14320,14397,124.82,
2020-12-10,14394,14405,14178,14237,113.55,
2020-12-11,14233,14340,14091,14237,111.9,
2020-12-14,14240,14286,14155,14201,111.27,
2020-12-15,14191,14233,14030,14084,99.31,
2020-12-16,14098,14329,14096,14323,117.03,
2020-12-17,14203,14236,14086,14186,102.69,
2020-12-18,14175,14222,14128,14136,102.99,
2020-12-21,14140,14312,14021,14309,123.66,
2020-12-22,14320,14334,14042,14046,108.4,
2020-12-23,14038,14181,14000,14114,102.81,
2020-12-24,14130,14288,14129,14242,111.68,
2020-12-25,14273,14382,14245,14304,115.39,
2020-12-28,14307,14444,14260,14436,124.12,
2020-12-29,14436,14474,14377,14458,130.1,
2020-12-30,14460,14642,14440,14636,125.67,
2020-12-31,14646,14712,14604,14678,125.27,
2021-01-04,14675,14926,14630,14873,138.61,
2021-01-05,14888,14979,14780,14976,146.86,
2021-01-06,15000,15140,14762,14911,127.49,
2021-01-07,14926,15260,14858,15226,153.77,
2021-01-08,15239,15473,15227,15451,147.88,
2021-01-11,15460,15538,15335,15531,144.57,
2021-01-12,15519,15605,15407,15489,135.74,
2021-01-13,15499,15790,15486,15759,144.45,
2021-01-14,15765,15813,15632,15727,136.12,
2021-01-15,15754,16061,15584,15632,136.06,
2021-01-18,15642,15739,15326,15608,133.4,
2021-01-19,15595,15946,15570,15888,150.92,
2021-01-20,15871,15964,15732,15764,137.65,
2021-01-21,15761,16183,15739,16125,151.97,
2021-01-22,16108,16146,15927,15977,132.57,
2021-01-25,15952,16004,15719,15911,121.74,
2021-01-26,15922,15975,15537,15628,107.44,
2021-01-27,15616,15814,15585,15657,133.97,
2021-01-28,15664,15680,15305,15382,113.52,
2021-01-29,15379,15585,15062,15070,107.32,
2021-02-01,15130,15398,15035,15362,121.52,
2021-02-02,15363,15820,15315,15752,155.75,
2021-02-03,15740,15884,15716,15773,141.65,
2021-02-04,15772,15820,15542,15696,135.87,
2021-02-05,15734,15985,15730,15802,145.6,
2021-02-17,15802,16433,15736,16326,159.11,
2021-02-18,16338,16526,16282,16380,133.75,
2021-02-19,16354,16361,16130,16309,123.18,
2021-02-22,16341,16563,16336,16382,138.88,
2021-02-23,16360,16450,16182,16434,140.38,
2021-02-24,16415,16435,16133,16181,131.02,
2021-02-25,16155,16422,16138,16387,135.18,
2021-02-26,16399,16400,15851,15931,110.26,
2021-03-02,15925,16277,15746,15904,107.09,
2021-03-03,15935,16197,15885,16179,134.53,
2021-03-04,16193,16255,15756,15922,123.84,
2021-03-05,15935,15998,15569,15847,124.52,
2021-03-08,15866,16095,15705,15819,117.32,
2021-03-09,15830,15957,15607,15822,116.68,
2021-03-10,15780,15996,15772,15885,117.06,
2021-03-11,15881,16213,15867,16169,126.22,
2021-03-12,16163,16285,16155,16223,118.54,
2021-03-15,16196,16248,16092,16199,117.7,
2021-03-16,16199,16348,16152,16305,124.22,
2021-03-17,16325,16361,16160,16176,118.77,
2021-03-18,16159,16401,16082,16235,118.51,
2021-03-19,16255,16263,15952,16010,101.33,
2021-03-22,16012,16174,15912,16137,112.86,
2021-03-23,16145,16278,16091,16119,108.81,
2021-03-24,16123,16146,15938,15981,119.33,
2021-03-25,15981,16091,15858,16030,117.28,
2021-03-26,16033,16293,15975,16285,128.13,
2021-03-29,16289,16485,16240,16408,141.57,
2021-03-30,16422,16531,16415,16520,142.39,
2021-03-31,16525,16567,16402,16423,120.5,
2021-04-01,16416,16586,16412,16549,127.04,
2021-04-06,16575,16840,16564,16728,133.69,
2021-04-07,16740,16795,16674,16767,130.1,
2021-04-08,16764,16930,16686,16927,135.2,
2021-04-09,16929,16977,16810,16839,128.43,
2021-04-12,16833,16965,16760,16835,132.95,
2021-04-13,16844,17046,16780,16793,137.09,
2021-04-14,16803,16917,16591,16857,145.66,
2021-04-15,16858,17074,16827,17069,152.41,
2021-04-16,17089,17160,16990,17156,151.28,
2021-04-19,17145,17295,17110,17269,166.03,
2021-04-20,17278,17325,17202,17320,167.1,
2021-04-21,17308,17330,17150,17231,156.81,
2021-04-22,17151,17368,17053,17106,145.84,
2021-04-23,17093,17260,17011,17255,153.54,
2021-04-26,17255,17537,17251,17526,180.64,
2021-04-27,17529,17576,17460,17570,168.91,
2021-04-28,17560,17571,17476,17533,177.02,
2021-04-29,17529,17703,17503,17569,162.7,
2021-05-03,17576,17633,17225,17254,118.44,
2021-05-04,17245,17330,16670,16931,101.43,
2021-05-05,16941,17020,16660,16765,124.32,
2021-05-06,16780,17081,16703,16945,121.83,
2021-05-07,16970,17287,16942,17283,142.16,
2021-05-10,17269,17375,17177,17229,133.69,
2021-05-11,17214,17220,16426,16561,97.4,
2021-05-12,16570,16580,15030,15697,108.18,
2021-05-13,15680,15992,15335,15566,112.09,
2021-05-14,15588,16021,15317,15766,114.7,
2021-05-17,15744,15974,15099,15263,102.59,
2021-05-18,15275,16179,15272,16147,128.63,
2021-05-19,16165,16318,15976,16138,132.26,
2021-05-20,16013,16114,15845,15974,113.54,
2021-05-21,15965,16424,15933,16259,126.09,
2021-05-24,16252,16368,16006,16291,132.17,
2021-05-25,16291,16623,16265,16584,148.12,
2021-05-26,16620,16664,16494,16614,159.66,
2021-05-27,16613,16673,16201,16533,145.94,
2021-05-28,16500,16878,16491,16863,165.17,
2021-05-31,16850,17098,16803,17011,169.46,
2021-06-01,17028,17148,16966,17131,164.89,
2021-06-02,17158,17226,17016,17102,177.63,
2021-06-03,17070,17312,17059,17226,167.29,
2021-06-04,17202,17211,17020,17103,150.43,
2021-06-07,17105,17260,16719,17090,141.82,
2021-06-08,17112,17208,17029,17090,145.95,
2021-06-09,17076,17125,16889,16959,153.35,
2021-06-10,16959,17175,16926,17157,157.02,
2021-06-11,17158,17299,17118,17217,164.38,
2021-06-15,17216,17400,17181,17397,171.44,
2021-06-16,17408,17433,17040,17346,123.34,
2021-06-17,17255,17299,17035,17295,123.51,
2021-06-18,17278,17332,17212,17254,119.26,
2021-06-21,17257,17258,16890,16963,102.75,
2021-06-22,17000,17194,16988,17026,105.94,
2021-06-23,17024,17318,16930,17267,119.2,
2021-06-24,17280,17398,17215,17338,139.97,
2021-06-25,17348,17562,17343,17423,144.99,
2021-06-28,17419,17560,17398,17533,143.23,
2021-06-29,17536,17627,17450,17530,133.78,
2021-06-30,17523,17766,17511,17712,121.62,
2021-07-01,17720,17774,17553,17646,136.97,
2021-07-02,17645,17725,17566,17649,137.69,
2021-07-05,17652,17919,17645,17896,149.0,
2021-07-06,17907,17974,17858,17875,130.96,
2021-07-07,17889,17906,17625,17826,114.97,
2021-07-08,17842,17917,17693,17823,114.31,
2021-07-09,17781,17782,17526,17661,103.62,
2021-07-12,17702,17962,17702,17826,111.89,
2021-07-13,17841,18029,17807,17869,107.67,
2021-07-14,17864,17936,17747,17871,117.63,
2021-07-15,17868,18045,17859,18021,112.98,
2021-07-16,18008,18017,17771,17924,90.78,
2021-07-19,17906,17951,17647,17793,83.79,
2021-07-20,17800,17807,17477,17558,82.52,
2021-07-21,17580,17674,17377,17431,102.64,
2021-07-22,17300,17524,17232,17406,149.13,
2021-07-23,17420,17559,17353,17406,151.07,
2021-07-26,17411,17487,17200,17203,137.84,
2021-07-27,17215,17348,17139,17168,138.65,
2021-07-28,17155,17168,16735,16965,88.78,
2021-07-29,16992,17333,16982,17327,111.36,
2021-07-30,17350,17420,17126,17174,104.67,
2021-08-02,17172,17470,17160,17467,118.08,
2021-08-03,17470,17496,17342,17482,119.85,
2021-08-04,17494,17585,17409,17571,113.52,
2021-08-05,17582,17588,17520,17544,125.41,
2021-08-06,17512,17568,17282,17439,124.5,
2021-08-09,17448,17478,17234,17406,120.23,
2021-08-10,17407,17466,17258,17295,106.17,
2021-08-11,17298,17324,17078,17170,103.49,
2021-08-12,17152,17235,17117,17158,100.83,
2021-08-13,17158,17211,16933,16936,91.92,
2021-08-16,16948,16962,16749,16774,84.79,
2021-08-17,16796,16873,16576,16578,79.16,
2021-08-18,16557,16795,16314,16785,113.14,
2021-08-19,16696,16710,16256,16328,80.64,
2021-08-20,16250,16425,16049,16188,83.29,
2021-08-23,16223,16729,16195,16679,116.28,
2021-08-24,16670,16842,16621,16781,117.78,
2021-08-25,16803,16982,16735,16962,115.5,
2021-08-26,16982,17148,16882,16993,108.49,
2021-08-27,16980,17219,16908,17172,123.13,
2021-08-30,17194,17354,17180,17335,133.96,
2021-08-31,17331,17468,17144,17455,138.82,
2021-09-01,17472,17500,17363,17474,121.57,
2021-09-02,17480,17524,17265,17319,112.85,
2021-09-03,17350,17553,17342,17508,128.59,
2021-09-06,17485,17595,17425,17493,128.94,
2021-09-07,17512,17568,17336,17424,125.84,
2021-09-08,17421,17447,17163,17260,117.75,
2021-09-09,17249,17291,17084,17238,120.53,
2021-09-10,17245,17478,17223,17473,137.8,
2021-09-13,17461,17495,17356,17441,141.62,
2021-09-14,17463,17568,17425,17462,137.16,
2021-09-15,17420,17470,17280,17381,115.43,
2021-09-16,17330,17364,17191,17247,103.71,
2021-09-17,17230,17395,17165,17294,111.92,
2021-09-22,17298,17305,16752,16900,106.4,
2021-09-23,16918,17130,16868,17080,112.03,
2021-09-24,17098,17275,17083,17248,111.4,
2021-09-27,17224,17344,17165,17292,114.41,
2021-09-28,17279,17284,17042,17170,103.54,
2021-09-29,17145,17145,16760,16818,90.45,
2021-09-30,16828,16966,16668,16919,100.79,
2021-10-01,16939,16942,16414,16518,84.04,
2021-10-04,16462,16654,16313,16361,84.98,
2021-10-05,16345,16457,16106,16395,90.59,
2021-10-06,16380,16500,16266,16362,98.14,
2021-10-07,16370,16760,16200,16699,108.33,
2021-10-08,16717,16798,16591,16625,109.5,
2021-10-12,16613,16671,16286,16419,103.27,
2021-10-13,16399,16584,16318,16321,101.39,
2021-10-14,16315,16545,16260,16402,99.68,
2021-10-15,16448,16790,16445,16780,113.27,
2021-10-18,16785,16870,16705,16721,101.38,
2021-10-19,16700,16954,16674,16903,109.35,
2021-10-20,16933,16990,16862,16882,121.7,
2021-10-21,16880,17047,16814,16815,108.82,
2021-10-22,16811,16912,16770,16853,105.46,
2021-10-25,16845,16930,16726,16891,106.55,
2021-10-26,16904,17073,16883,17044,119.42,
2021-10-27,17044,17088,16928,17068,108.3,
2021-10-28,17068,17103,16980,17039,109.67,
2021-10-29,17020,17112,16858,16946,106.06,
2021-11-01,16930,17130,16881,17080,113.06,
2021-11-02,17078,17255,17003,17047,110.08,
2021-11-03,17048,17128,17023,17091,111.84,
2021-11-04,17100,17280,17050,17073,103.67,
2021-11-05,17065,17279,17059,17269,114.85,
2021-11-08,17277,17425,17241,17423,126.21,
2021-11-09,17425,17593,17415,17551,129.96,
2021-11-10,17554,17634,17496,17554,126.77,
2021-11-11,17570,17626,17395,17473,118.91,
2021-11-12,17482,17638,17462,17544,120.93,
2021-11-15,17540,17706,17520,17664,131.09,
2021-11-16,17664,17718,17637,17698,138.35,
2021-11-17,17712,17761,17678,17721,133.65,
2021-11-18,17761,17868,17744,17859,139.28,
2021-11-19,17856,17949,17813,17852,122.41,
2021-11-22,17843,17876,17724,17836,120.3,
2021-11-23,17839,17888,17638,17659,103.84,
2021-11-24,17663,17698,17558,17680,123.7,
2021-11-25,17690,17718,17589,17673,122.99,
2021-11-26,17670,17677,17306,17342,99.8,
2021-11-29,17324,17416,17064,17311,102.18,
2021-11-30,17363,17537,17296,17330,106.21,
2021-12-01,17288,17619,17209,17584,119.97,
2021-12-02,17597,17710,17502,17704,127.61,
2021-12-03,17733,17775,17621,17706,130.14,
2021-12-06,17707,17735,17527,17692,122.86,
2021-12-07,17680,17798,17588,17795,117.9,
2021-12-08,17806,17988,17782,17853,126.65,
2021-12-09,17845,17947,17812,17910,125.16,
2021-12-10,17911,17940,17765,17818,120.12,
2021-12-13,17824,17943,17741,17753,120.61,
2021-12-14,17764,17793,17565,17602,107.87,
2021-12-15,17590,17667,17500,17630,116.1,
2021-12-16,17581,17807,17529,17804,115.47,
2021-12-17,17818,17849,17675,17785,110.65,
2021-12-20,17784,17808,17563,17582,93.77,
2021-12-21,17550,17829,17495,17796,115.22,
2021-12-22,17812,17853,17763,17832,112.03,
2021-12-23,17833,17983,17821,17951,114.93,
2021-12-24,17955,18035,17946,17957,119.36,
2021-12-27,17945,18099,17910,18070,126.2,
2021-12-28,18076,18208,18059,18206,135.52,
2021-12-29,18215,18289,18180,18274,121.71,
2021-12-30,18270,18291,18177,18209,117.42,
2022-01-03,18208,18389,18202,18272,117.84,
2022-01-04,18274,18522,18258,18514,133.72,
2022-01-05,18516,18576,18438,18480,111.2,
2022-01-06,18495,18565,18238,18337,103.68,
2022-01-07,18342,18479,18115,18146,94.04,
2022-01-10,18134,18263,18022,18260,99.97,
2022-01-11,18270,18305,18091,18279,100.33,
2022-01-12,18253,18417,18217,18376,107.44,
2022-01-13,18385,18485,18357,18425,111.02,
2022-01-14,18465,18650,18219,18360,98.16,
2022-01-17,18386,18537,18307,18508,111.05,
2022-01-18,18519,18583,18346,18350,107.4,
2022-01-19,18360,18388,18209,18218,98.36,
2022-01-20,18161,18270,18082,18224,109.5,
2022-01-21,18247,18287,17837,17896,85.87,
2022-01-24,17896,17972,17700,17957,92.81,
2022-01-25,17946,17981,17509,17674,78.85,
2022-01-26,17649,17757,17508,17624,105.66,
2022-02-07,17627,17899,17438,17896,100.48,
2022-02-08,17905,18046,17863,17942,111.07,
2022-02-09,17974,18169,17947,18164,113.67,
2022-02-10,18171,18338,18133,18334,129.41,
2022-02-11,18369,18397,18182,18273,126.5,
2022-02-14,18288,18380,17934,17977,101.86,
2022-02-15,17959,18093,17829,17955,105.99,
2022-02-16,17970,18249,17956,18206,125.61,
2022-02-17,18233,18330,18153,18244,122.85,
2022-02-18,18255,18275,18039,18227,128.18,
2022-02-21,18211,18243,17968,18212,124.6,
2022-02-22,18243,18255,17773,17880,107.03,
2022-02-23,17869,18060,17806,18042,124.12,
2022-02-24,18046,18093,17507,17513,103.29,
2022-02-25,17485,17702,17225,17610,107.36,
2022-03-01,17601,17942,17503,17912,124.71,
2022-03-02,17946,17979,17675,17838,115.48,
2022-03-03,17794,17965,17680,17929,125.77,
2022-03-04,17936,17945,17526,17668,115.5,
2022-03-07,17691,17747,17051,17058,89.17,
2022-03-08,17083,17175,16696,16707,85.02,
2022-03-09,16691,17023,16638,16949,101.64,
2022-03-10,16973,17456,16958,17436,116.07,
2022-03-11,17450,17497,17169,17226,102.54,
2022-03-14,17280,17394,17111,17240,102.49,
2022-03-15,17256,17320,16861,16885,93.65,
2022-03-16,16850,17094,16728,16937,94.89,
2022-03-17,17017,17468,16975,17444,118.65,
2022-03-18,17463,17496,17294,17393,108.8,
2022-03-21,17393,17576,17305,17491,113.92,
2022-03-22,17507,17566,17440,17522,115.17,
2022-03-23,17531,17735,17519,17699,106.25,
2022-03-24,17699,17700,17547,17669,104.86,
2022-03-25,17658,17761,17591,17621,101.44,
2022-03-28,17626,17661,17304,17437,97.74,
2022-03-29,17450,17582,17433,17546,103.4,
2022-03-30,17555,17755,17540,17740,106.73,
2022-03-31,17746,17774,17620,17634,104.35,
2022-04-01,17618,17662,17414,17557,103.66,
2022-04-06,17571,17624,17328,17505,105.27,
2022-04-07,17508,17522,17123,17142,88.61,
2022-04-08,17182,17310,17134,17304,92.15,
2022-04-11,17329,17383,16976,17037,87.73,
2022-04-12,17037,17100,16906,17000,92.05,
2022-04-13,17017,17320,16975,17316,105.35,
2022-04-14,17295,17353,17248,17295,102.96,
2022-04-15,17310,17331,16960,16980,90.76,
2022-04-18,16973,17020,16814,16884,88.25,
2022-04-19,16888,17122,16880,17004,93.89,
2022-04-20,17005,17138,16942,17125,91.38,
2022-04-21,17060,17222,17050,17126,90.28,
2022-04-22,17113,17192,16823,16992,95.07,
2022-04-25,16998,17013,16507,16572,84.08,
2022-04-26,16509,16667,16490,16585,84.05,
2022-04-27,16566,16575,16160,16287,79.99,
2022-04-28,16301,16415,16202,16388,95.57,
2022-04-29,16419,16660,16318,16581,106.3,
2022-05-03,16599,16622,16363,16472,101.18,
2022-05-04,16434,16589,16372,16519,89.8,
2022-05-05,16527,16776,16395,16685,88.48,
2022-05-06,16646,16648,16266,16356,80.61,
2022-05-09,16336,16418,16015,16027,76.32,
2022-05-10,16047,16091,15729,16038,81.12,
2022-05-11,16102,16115,15862,16007,83.17,
2022-05-12,16006,16093,15608,15630,80.32,
2022-05-13,15630,15855,15526,15849,88.14,
2022-05-16,15836,16044,15813,15922,89.74,
2022-05-17,15909,16096,15866,16075,96.15,
2022-05-18,16097,16318,16079,16302,103.66,
2022-05-19,16197,16216,15820,15911,88.47,
2022-05-20,15897,16145,15749,16136,96.77,
2022-05-23,16123,16263,15852,16143,97.45,
2022-05-24,16185,16243,15915,15926,95.14,
2022-05-25,15908,16146,15835,16061,100.8,
2022-05-26,16078,16202,15928,15950,95.0,
2022-05-27,15952,16245,15944,16229,108.1,
2022-05-30,16252,16583,16225,16559,129.19,
2022-05-31,16560,16716,16460,16681,135.23,
2022-06-01,16650,16755,16550,16608,103.63,
2022-06-02,16621,16668,16465,16533,99.94,
2022-06-06,16561,16700,16463,16600,105.68,
2022-06-07,16602,16704,16406,16461,99.09,
2022-06-08,16470,16693,16433,16641,107.31,
2022-06-09,16652,16702,16524,16577,104.9,
2022-06-10,16583,16662,16350,16474,98.6,
2022-06-13,16460,16512,15992,16050,87.18,
2022-06-14,16028,16077,15809,16052,86.95,
2022-06-15,16056,16096,15928,16060,84.63,
2022-06-16,15550,15805,15382,15411,85.08,
2022-06-17,15343,15356,15093,15202,79.95,
2022-06-20,15156,15245,14965,15031,73.28,
2022-06-21,15046,15362,15027,15346,89.13,
2022-06-22,15318,15415,14984,15015,68.51,
2022-06-23,14990,15174,14803,14939,69.31,
2022-06-24,14907,15142,14849,15053,74.5,
2022-06-27,15040,15399,15008,15277,89.96,
2022-06-28,15262,15328,15096,15194,85.74,
2022-06-29,15238,15295,14980,15016,69.78,
2022-06-30,14979,15036,14610,14624,61.69,
2022-07-01,14567,14703,14128,14175,54.98,
2022-07-04,14200,14316,14025,14152,57.21,
2022-07-05,14162,14430,13975,14209,59.89,
2022-07-06,14222,14264,13860,13879,55.09,
2022-07-07,13903,14296,13830,14187,69.41,
2022-07-08,14185,14485,14180,14332,76.27,
2022-07-11,14336,14496,14228,14278,76.56,
2022-07-12,14251,14308,13850,13914,69.21,
2022-07-13,13914,14356,13881,14281,69.82,
2022-07-14,14283,14437,14100,14386,74.69,
2022-07-15,14404,14542,14260,14479,78.46,
2022-07-18,14452,14666,14410,14647,83.95,
2022-07-19,14656,14716,14523,14678,85.8,
2022-07-20,14678,14908,14661,14712,57.28,
2022-07-21,14611,14771,14532,14747,80.81,
2022-07-22,14740,14855,14693,14755,83.22,
2022-07-25,14775,14846,14675,14793,90.63,
2022-07-26,14812,14850,14650,14707,81.9,
2022-07-27,14699,14800,14582,14791,75.21,
2022-07-28,14787,14968,14773,14833,81.82,
2022-07-29,14831,14990,14768,14940,89.29,
2022-08-01,14934,14998,14805,14870,87.84,
2022-08-02,14885,14910,14589,14645,81.15,
2022-08-03,14652,14756,14570,14672,82.51,
2022-08-04,14669,14736,14461,14654,85.05,
2022-08-05,14650,15020,14640,15011,106.07,
2022-08-08,15013,15015,14886,14961,103.06,
2022-08-09,14954,15066,14842,15016,106.33,
2022-08-10,15026,15033,14832,14878,90.35,
2022-08-11,14870,15191,14853,15184,104.24,
2022-08-12,15214,15332,15190,15274,109.1,
2022-08-15,15274,15432,15263,15385,113.83,
2022-08-16,15390,15451,15332,15425,116.69,
2022-08-17,15417,15463,15364,15452,83.46,
2022-08-18,15370,15376,15224,15317,88.23,
2022-08-19,15290,15405,15275,15354,98.93,
2022-08-22,15331,15342,15157,15179,89.33,
2022-08-23,15165,15195,15021,15028,78.61,
2022-08-24,15007,15136,14987,15035,79.3,
2022-08-25,15050,15226,15033,15170,93.54,
2022-08-26,15233,15318,15188,15241,102.5,
2022-08-29,15249,15296,14762,14820,76.15,
2022-08-30,14847,14994,14804,14949,90.46,
2022-08-31,14962,15098,14721,15042,92.08,
2022-09-01,15041,15049,14675,14737,77.35,
2022-09-02,14701,14818,14583,14598,74.03,
2022-09-05,14620,14743,14520,14613,80.3,
2022-09-06,14639,14770,14555,14635,81.95,
2022-09-07,14646,14680,14331,14357,77.68,
2022-09-08,14370,14551,14303,14545,87.72,
2022-09-12,14550,14824,14449,14797,106.7,
2022-09-13,14809,14928,14796,14875,113.28,
2022-09-14,14890,14937,14440,14578,89.86,
2022-09-15,14586,14714,14516,14642,91.1,
2022-09-16,14650,14672,14465,14485,85.17,
2022-09-19,14470,14579,14405,14420,82.87,
2022-09-20,14392,14570,14361,14558,87.76,
2022-09-21,14562,14595,14390,14401,76.45,
2022-09-22,14389,14545,14088,14239,79.8,
2022-09-23,14229,14324,14056,14118,74.81,
2022-09-26,14106,14134,13740,13762,62.41,
2022-09-27,13760,13882,13734,13815,67.63,
2022-09-28,13850,13910,13486,13515,60.48,
2022-09-29,13497,13693,13423,13523,66.02,
2022-09-30,13485,13493,13290,13394,63.4,
2022-10-03,13420,13466,13215,13303,65.79,
2022-10-04,13338,13615,13283,13593,79.02,
2022-10-05,13613,13884,13593,13814,74.61,
2022-10-06,13824,13956,13666,13871,80.01,
2022-10-07,13835,13846,13683,13688,74.16,
2022-10-11,13664,13716,13081,13090,58.74,
2022-10-12,13061,13156,12951,13072,67.92,
2022-10-13,13111,13119,12805,12869,65.53,
2022-10-14,12886,13249,12666,13168,80.0,
2022-10-17,13148,13208,12821,12978,69.91,
2022-10-18,12977,13182,12943,13100,76.72,
2022-10-19,13110,13192,12954,12998,59.43,
2022-10-20,12911,12929,12663,12898,60.89,
2022-10-21,12890,13078,12794,12805,65.82,
2022-10-24,12825,13126,12743,12884,70.49,
2022-10-25,12860,12944,12651,12685,64.51,
2022-10-26,12684,12850,12664,12741,65.41,
2022-10-27,12762,12984,12755,12956,79.24,
2022-10-28,12924,12976,12745,12767,71.77,
2022-10-31,12740,12995,12730,12943,77.94,
2022-11-01,12935,13095,12858,13033,87.15,
2022-11-02,13053,13107,12991,13084,75.41,
2022-11-03,13077,13140,12855,12957,73.79,
2022-11-04,12945,13039,12820,13029,76.22,
2022-11-07,13047,13265,12990,13225,91.16,
2022-11-08,13217,13390,13194,13333,101.67,
2022-11-09,13339,13613,13319,13593,96.92,
2022-11-10,13582,13657,13461,13486,88.51,
2022-11-11,13464,14061,13414,14054,118.41,
2022-11-14,14079,14231,14051,14125,116.22,
2022-11-15,14125,14575,14121,14524,134.25,
2022-11-16,14540,14812,14450,14499,91.58,
2022-11-17,14511,14560,14356,14511,89.15,
2022-11-18,14518,14681,14347,14465,91.29,
2022-11-21,14460,14565,14411,14431,87.02,
2022-11-22,14415,14530,14364,14504,90.75,
2022-11-23,14489,14642,14480,14599,86.79,
2022-11-24,14602,14788,14593,14774,106.53,
2022-11-25,14765,14827,14705,14710,99.89,
2022-11-28,14709,14710,14433,14474,88.13,
2022-11-29,14496,14678,14404,14660,102.4,
2022-11-30,14668,14837,14563,14802,104.03,
2022-12-01,14810,15119,14714,14980,105.51,
2022-12-02,14945,14996,14842,14884,98.96,
2022-12-05,14879,15046,14716,14930,100.19,
2022-12-06,14947,14951,14672,14679,88.22,
2022-12-07,14676,14780,14567,14625,95.14,
2022-12-08,14608,14637,14412,14495,86.86,
2022-12-09,14511,14722,14508,14709,95.7,
2022-12-12,14726,14783,14484,14583,89.7,
2022-12-13,14582,14688,14496,14518,85.04,
2022-12-14,14514,14778,14505,14710,95.75,
2022-12-15,14706,14750,14517,14713,93.53,
2022-12-16,14700,14702,14408,14463,88.62,
2022-12-19,14483,14511,14328,14407,85.45,
2022-12-20,14429,14493,14121,14153,74.54,
2022-12-21,14182,14278,14153,14219,92.76,
2022-12-22,14174,14396,14149,14374,103.35,
2022-12-23,14372,14404,14089,14189,89.24,
2022-12-26,14190,14274,14105,14243,94.5,
2022-12-27,14244,14392,14224,14305,102.09,
2022-12-28,14304,14320,14070,14112,86.37,
2022-12-29,14126,14168,13938,14034,90.58,
2022-12-30,14040,14221,14031,14134,99.78,
2023-01-03,14120,14247,13952,14230,107.15,
2023-01-04,14227,14315,14146,14209,92.98,
2023-01-05,14207,14375,14204,14289,93.82,
2023-01-06,14277,14404,14223,14366,108.62,
2023-01-09,14361,14771,14324,14765,142.81,
2023-01-10,14760,14902,14731,14810,132.58,
2023-01-11,14801,14884,14746,14791,108.16,
2023-01-12,14778,14872,14708,14766,100.66,
2023-01-13,14776,15020,14723,14834,100.31,
2023-01-16,14855,15004,14805,14938,105.3,
2023-01-17,14925,14970,14884,14925,104.61,
2023-01-30,14920,15568,14820,15452,102.28,
2023-01-31,15457,15498,15266,15268,81.2,
2023-02-01,15251,15402,15228,15382,88.32,
2023-02-02,15387,15600,15331,15580,111.31,
2023-02-03,15588,15668,15488,15581,110.28,
2023-02-06,15577,15610,15391,15407,104.73,
2023-02-07,15395,15447,15307,15397,105.73,
2023-02-08,15398,15624,15333,15604,122.51,
2023-02-09,15606,15627,15507,15600,120.81,
2023-02-10,15600,15742,15521,15577,116.79,
2023-02-13,15587,15643,15431,15532,108.49,
2023-02-14,15536,15682,15525,15658,114.53,
2023-02-15,15664,15740,15383,15397,100.71,
2023-02-16,15363,15598,15338,15543,116.73,
2023-02-17,15545,15569,15384,15436,105.95,
2023-02-20,15434,15555,15367,15524,112.54,
2023-02-21,15538,15547,15471,15528,111.65,
2023-02-22,15532,15534,15306,15375,106.04,
2023-02-23,15380,15656,15343,15600,129.39,
2023-02-24,15597,15699,15526,15541,121.9,
2023-03-01,15539,15554,15333,15546,122.09,
2023-03-02,15551,15617,15435,15542,119.43,
2023-03-03,15540,15670,15505,15615,121.24,
2023-03-06,15618,15834,15605,15772,131.29,
2023-03-07,15768,15894,15748,15873,138.72,
2023-03-08,15865,15883,15719,15785,112.59,
2023-03-09,15785,15863,15751,15766,108.94,
2023-03-10,15768,15798,15452,15481,88.35,
2023-03-13,15473,15552,15345,15519,92.56,
2023-03-14,15538,15568,15310,15354,89.11,
2023-03-15,15333,15532,15333,15405,97.19,
2023-03-16,15344,15348,15069,15226,95.36,
2023-03-17,15202,15418,15162,15405,114.06,
2023-03-20,15416,15477,15322,15370,112.34,
2023-03-21,15300,15517,15203,15455,120.5,
2023-03-22,15470,15725,15457,15715,121.73,
2023-03-23,15724,15866,15654,15836,138.51,
2023-03-24,15846,15979,15798,15917,138.51,
2023-03-27,15906,15936,15780,15829,122.85,
2023-03-28,15817,15835,15655,15689,110.95,
2023-03-29,15709,15787,15642,15738,112.38,
2023-03-30,15750,15862,15741,15819,122.08,
2023-03-31,15833,15966,15820,15864,126.7,
2023-04-06,15850,15928,15701,15762,114.64,
2023-04-07,15781,15870,15750,15818,119.69,
2023-04-10,15812,15926,15806,15851,119.0,
2023-04-11,15843,15962,15732,15924,129.69,
2023-04-12,15931,15966,15866,15925,119.25,
2023-04-13,15912,16003,15808,15816,106.28,
2023-04-14,15830,15994,15782,15948,119.16,
2023-04-17,15946,15973,15875,15970,114.34,
2023-04-18,15972,15980,15862,15891,111.02,
2023-04-19,15891,15942,15750,15775,94.89,
2023-04-20,15775,15797,15682,15731,91.04,
2023-04-21,15760,15794,15602,15614,85.7,
2023-04-24,15611,15655,15543,15620,90.17,
2023-04-25,15628,15670,15369,15389,74.51,
2023-04-26,15391,15410,15287,15376,86.71,
2023-04-27,15376,15460,15305,15426,96.07,
2023-04-28,15442,15596,15420,15572,110.3,
2023-05-02,15568,15671,15531,15635,120.49,
2023-05-03,15650,15654,15504,15549,99.56,
2023-05-04,15553,15619,15488,15607,110.16,
2023-05-05,15614,15696,15527,15642,112.64,
2023-05-08,15645,15779,15628,15723,115.28,
2023-05-09,15728,15749,15652,15736,115.48,
2023-05-10,15728,15730,15581,15610,96.56,
2023-05-11,15590,15683,15516,15519,99.65,
2023-05-12,15508,15558,15405,15506,95.7,
2023-05-15,15506,15535,15415,15510,94.82,
2023-05-16,15527,15723,15505,15690,118.2,
2023-05-17,15701,15973,15685,15953,121.31,
2023-05-18,15877,16084,15862,16069,128.3,
2023-05-19,16067,16161,16063,16127,118.62,
2023-05-22,16122,16157,16080,16115,113.46,
2023-05-23,16110,16195,16072,16135,112.57,
2023-05-24,16125,16131,16005,16069,103.53,
2023-05-25,16061,16232,15950,16205,109.85,
2023-05-26,16220,16457,16196,16438,120.29,
2023-05-29,16458,16650,16443,16578,111.33,
2023-05-30,16576,16607,16515,16573,109.72,
2023-05-31,16592,16724,16455,16488,101.77,
2023-06-01,16494,16542,16395,16469,101.66,
2023-06-02,16471,16738,16454,16711,114.49,
2023-06-05,16721,16800,16657,16683,106.09,
2023-06-06,16689,16785,16660,16746,109.9,
2023-06-07,16738,16907,16703,16890,101.38,
2023-06-08,16881,16965,16667,16717,91.42,
2023-06-09,16714,16888,16712,16886,103.55,
2023-06-12,16889,16986,16853,16942,112.87,
2023-06-13,16946,17274,16932,17218,130.08,
2023-06-14,17235,17320,17134,17199,112.08,
2023-06-15,17178,17348,17155,17336,110.25,
2023-06-16,17328,17366,17215,17269,108.38,
2023-06-19,17266,17310,17160,17253,111.42,
2023-06-20,17262,17268,17107,17189,105.33,
2023-06-21,17186,17244,17135,17230,90.34,
2023-06-26,17003,17022,16823,16880,93.58,
2023-06-27,16872,16906,16705,16742,85.75,
2023-06-28,16746,16846,16712,16775,99.61,
2023-06-29,16765,16965,16720,16762,103.39,
2023-06-30,16745,16826,16670,16787,104.55,
2023-07-03,16778,17038,16775,17035,124.57,
2023-07-04,17037,17116,16983,17103,128.34,
2023-07-05,17110,17125,16974,17005,108.46,
2023-07-06,16970,16972,16673,16689,90.4,
2023-07-07,16685,16716,16518,16624,93.38,
2023-07-10,16614,16760,16545,16553,97.52,
2023-07-11,16566,16877,16559,16866,128.03,
2023-07-12,16893,16939,16812,16922,103.09,
2023-07-13,16908,17255,16888,17086,118.07,
2023-07-14,17094,17304,17082,17291,125.4,
2023-07-17,17274,17358,17222,17287,121.43,
2023-07-18,17300,17386,17152,17220,112.89,
2023-07-19,17225,17325,17092,17102,85.68,
2023-07-20,17091,17150,17011,17126,96.9,
2023-07-21,17030,17030,16817,16947,87.27,
2023-07-24,16956,17024,16866,16979,88.59,
2023-07-25,16980,17224,16973,17182,112.13,
2023-07-26,17200,17267,17078,17100,92.08,
2023-07-27,17110,17264,17032,17223,107.6,
2023-07-28,17233,17332,17107,17262,108.91,
2023-07-31,17290,17425,17058,17103,94.37,
2023-08-01,17095,17218,17075,17178,101.83,
2023-08-02,17183,17195,16806,16820,80.42,
2023-08-04,16790,16863,16660,16823,84.53,
2023-08-07,16823,17027,16725,17000,104.32,
2023-08-08,17000,17052,16758,16852,94.54,
2023-08-09,16827,16935,16712,16853,82.15,
2023-08-10,16866,16918,16584,16656,74.79,
2023-08-11,16650,16794,16572,16625,79.65,
2023-08-14,16631,16645,16305,16377,67.76,
2023-08-15,16372,16540,16332,16423,72.64,
2023-08-16,16421,16438,16290,16363,74.07,
2023-08-17,16377,16493,16205,16456,91.3,
2023-08-18,16490,16545,16320,16353,93.15,
2023-08-21,16350,16474,16266,16348,91.79,
2023-08-22,16340,16507,16335,16400,96.3,
2023-08-23,16425,16561,16331,16558,103.81,
2023-08-24,16564,16798,16518,16756,115.47,
2023-08-25,16753,16775,16415,16426,88.35,
2023-08-28,16396,16549,16361,16492,92.58,
2023-08-29,16500,16632,16454,16624,96.82,
2023-08-30,16630,16778,16583,16723,99.92,
2023-08-31,16715,16747,16602,16620,95.12,
2023-09-01,16617,16726,16533,16651,101.86,
2023-09-04,16635,16780,16572,16778,109.06,
2023-09-05,16784,16794,16706,16752,107.89,
2023-09-06,16738,16800,16691,16713,100.41,
2023-09-07,16708,16710,16560,16563,97.32,
2023-09-08,16561,16588,16464,16562,101.58,
2023-09-11,16574,16598,16366,16425,89.83,
2023-09-12,16436,16591,16413,16570,100.69,
2023-09-13,16586,16645,16520,16579,100.21,
2023-09-14,16578,16842,16553,16836,118.04,
2023-09-15,16844,16917,16804,16904,118.02,
2023-09-18,16903,16905,16700,16712,99.82,
2023-09-19,16702,16747,16603,16606,91.32,
2023-09-20,16615,16648,16529,16536,81.09,
2023-09-21,16579,16650,16281,16311,74.96,
2023-09-22,16300,16355,16188,16344,82.75,
2023-09-25,16343,16491,16313,16465,99.94,
2023-09-26,16467,16471,16273,16305,86.86,
2023-09-27,16280,16344,16198,16311,81.68,
2023-09-28,16320,16435,16226,16367,86.8,
2023-10-02,16353,16609,16313,16556,112.92,
2023-10-03,16566,16584,16408,16411,98.18,
2023-10-04,16426,16444,16164,16245,75.72,
2023-10-05,16221,16485,16215,16457,93.08,
2023-10-06,16443,16553,16381,16528,97.37,
2023-10-11,16530,16828,16438,16714,93.08,
2023-10-12,16703,16856,16646,16848,106.62,
2023-10-13,16857,16860,16678,16771,93.01,
2023-10-16,16775,16784,16603,16649,86.63,
2023-10-17,16667,16788,16633,16650,88.51,
2023-10-18,16653,16698,16411,16425,92.91,
2023-10-19,16462,16487,16351,16461,93.27,
2023-10-20,16480,16577,16255,16414,100.67,
2023-10-23,16405,16447,16250,16256,94.59,
2023-10-24,16253,16348,16144,16333,98.96,
2023-10-25,16342,16480,16293,16358,103.89,
2023-10-26,16356,16383,16040,16066,90.32,
2023-10-27,16061,16218,16033,16152,102.99,
2023-10-30,16154,16237,16045,16160,96.68,
2023-10-31,16170,16230,15973,15997,83.59,
2023-11-01,16010,16120,15978,16050,91.15,
2023-11-02,16066,16398,16034,16389,109.63,
2023-11-03,16392,16536,16381,16514,115.19,
2023-11-06,16514,16749,16472,16673,134.04,
2023-11-07,16694,16715,16613,16708,130.93,
2023-11-08,16701,16796,16683,16752,118.92,
2023-11-09,16736,16798,16689,16763,115.1,
2023-11-10,16773,16843,16627,16732,113.43,
2023-11-13,16750,17041,16743,16874,113.12,
2023-11-14,16873,16976,16859,16948,119.09,
2023-11-15,16960,17193,16948,17124,109.06,
2023-11-16,17168,17260,17110,17186,105.77,
2023-11-17,17190,17251,17122,17219,118.45,
2023-11-20,17219,17288,17154,17201,110.64,
2023-11-21,17191,17425,17188,17411,128.43,
2023-11-22,17404,17422,17256,17289,105.01,
2023-11-23,17263,17350,17214,17304,104.66,
2023-11-24,17326,17375,17265,17293,105.71,
2023-11-27,17288,17360,17145,17172,96.45,
2023-11-28,17177,17402,17166,17360,115.0,
2023-11-29,17385,17450,17313,17339,104.64,
2023-11-30,17342,17444,17291,17393,115.06,
2023-12-01,17394,17444,17256,17424,117.57,
2023-12-04,17427,17507,17366,17418,115.8,
2023-12-05,17406,17417,17231,17309,104.61,
2023-12-06,17282,17452,17272,17377,104.62,
2023-12-07,17373,17427,17262,17271,102.38,
2023-12-08,17273,17470,17262,17375,113.67,
2023-12-11,17372,17457,17335,17418,114.74,
2023-12-12,17420,17545,17403,17462,112.01,
2023-12-13,17463,17519,17397,17457,107.45,
2023-12-14,17445,17690,17404,17663,122.45,
2023-12-15,17671,17774,17642,17673,125.83,
2023-12-18,17681,17707,17584,17656,124.29,
2023-12-19,17648,17650,17505,17577,112.12,
2023-12-20,17567,17654,17541,17637,105.53,
2023-12-21,17668,17683,17377,17529,105.21,
2023-12-22,17524,17612,17504,17560,109.47,
2023-12-25,17551,17665,17533,17622,120.52,
2023-12-26,17627,17739,17615,17734,134.95,
2023-12-27,17735,17872,17707,17859,120.97,
2023-12-28,17866,17888,17812,17866,117.74,
2023-12-29,17869,17900,17826,17870,118.6,
2024-01-02,17871,17920,17751,17800,106.97,
2024-01-03,17793,17817,17508,17545,99.52,
2024-01-04,17542,17584,17479,17550,94.01,
2024-01-05,17569,17625,17491,17518,87.42,
2024-01-08,17509,17705,17452,17595,94.96,
2024-01-09,17595,17782,17526,17547,91.77,
2024-01-10,17543,17555,17432,17460,98.47,
2024-01-11,17449,17605,17441,17570,101.28,
2024-01-12,17573,17594,17396,17487,97.38,
2024-01-15,17489,17656,17411,17554,97.28,
2024-01-16,17570,17576,17283,17333,88.33,
2024-01-17,17340,17375,17159,17167,101.8,
2024-01-18,17205,17325,17162,17282,108.14,
2024-01-19,17349,17683,17333,17674,140.52,
2024-01-22,17689,17843,17650,17815,131.73,
2024-01-23,17801,17877,17765,17868,138.88,
2024-01-24,17878,17940,17863,17896,124.54,
2024-01-25,17914,18089,17903,17997,136.69,
2024-01-26,18008,18079,17935,17999,139.63,
2024-01-29,17996,18135,17960,18123,131.35,
2024-01-30,18128,18153,18058,18081,125.96,
2024-01-31,18065,18066,17904,17921,105.75,
2024-02-01,17908,18043,17883,17985,111.61,
2024-02-02,17969,18105,17952,18084,119.76,
2024-02-05,18080,18102,17958,18085,118.94,
2024-02-15,18086,18696,18026,18666,150.3,
2024-02-16,18669,18727,18633,18639,143.68,
2024-02-19,18639,18692,18619,18669,137.47,
2024-02-20,18678,18755,18596,18751,141.91,
2024-02-21,18776,18817,18660,18671,106.7,
2024-02-22,18691,18895,18670,18886,112.05,
2024-02-23,18890,19004,18888,18912,116.82,
2024-02-26,18917,18995,18853,18964,122.2,
2024-02-27,18967,19019,18750,18870,117.68,
2024-02-29,18870,18997,18804,18961,127.09,
2024-03-01,18964,19016,18890,18961,127.77,
2024-03-04,18966,19341,18912,19311,145.85,
2024-03-05,19316,19437,19305,19390,141.05,
2024-03-06,19371,19523,19217,19507,141.77,
2024-03-07,19521,19771,19488,19702,147.02,
2024-03-08,19698,20009,19637,19794,134.56,
2024-03-11,19781,19991,19666,19716,132.34,
2024-03-12,19721,19957,19655,19954,135.46,
2024-03-13,19959,20064,19865,19928,139.45,
2024-03-14,19931,19978,19800,19940,132.36,
2024-03-15,19958,19967,19724,19728,121.9,
2024-03-18,19733,19918,19710,19914,127.92,
2024-03-19,19918,19964,19740,19867,130.49,
2024-03-20,19878,19956,19734,19748,125.59,
2024-03-21,19835,20265,19831,20260,156.38,
2024-03-22,20279,20358,20122,20240,133.27,
2024-03-25,20224,20305,20185,20229,135.5,
2024-03-26,20221,20459,20037,20185,115.64,
2024-03-27,20205,20288,20128,20258,131.36,
2024-03-28,20258,20285,20083,20202,119.0,
2024-03-29,20189,20297,20157,20278,128.49,
2024-04-01,20286,20400,20260,20293,120.06,
2024-04-02,20290,20523,20283,20521,138.25,
2024-04-03,20540,20553,20276,20351,125.86,
2024-04-08,20352,20519,20342,20447,129.3,
2024-04-09,20450,20878,20427,20869,158.75,
2024-04-10,20884,20893,20750,20848,136.96,
2024-04-11,20858,20874,20652,20752,126.48,
2024-04-12,20735,20808,20630,20753,127.05,
2024-04-15,20761,20767,20460,20506,105.16,
2024-04-16,20498,20587,19797,19947,79.65,
2024-04-17,19927,20284,19821,20238,121.66,
2024-04-18,20153,20359,19932,20353,123.6,
2024-04-19,20383,20450,19269,19559,85.51,
2024-04-22,19617,19765,19447,19528,84.69,
2024-04-23,19558,19745,19493,19680,94.16,
2024-04-24,19691,20202,19677,20170,154.97,
2024-04-25,20154,20160,19835,19880,119.61,
2024-04-26,19884,20270,19708,20176,135.32,
2024-04-29,20202,20559,20120,20550,150.45,
2024-04-30,20525,20576,20402,20413,141.42,
2024-05-02,20445,20467,20211,20292,129.09,
2024-05-03,20290,20597,20192,20382,127.18,
2024-05-06,20366,20714,20333,20601,135.49,
2024-05-07,20626,20759,20537,20648,130.11,
2024-05-08,20657,20738,20574,20724,145.74,
2024-05-09,20745,20763,20606,20612,137.77,
2024-05-10,20605,20828,20560,20812,143.78,
2024-05-13,20834,20984,20826,20881,135.35,
2024-05-14,20889,21014,20853,21006,149.44,
2024-05-15,21018,21362,20945,21144,145.31,
2024-05-16,21243,21557,21237,21372,126.05,
2024-05-17,21357,21440,21273,21335,125.69,
2024-05-20,21345,21485,21154,21299,113.94,
2024-05-21,21318,21387,21165,21282,110.39,
2024-05-22,21285,21614,21260,21581,141.07,
2024-05-23,21581,21660,21433,21605,126.79,
2024-05-24,21608,21692,21391,21568,129.63,
2024-05-27,21565,21917,21544,21870,152.2,
2024-05-28,21877,21995,21846,21951,160.02,
2024-05-29,21951,21971,21721,21730,135.16,
2024-05-30,21722,21742,21367,21395,109.93,
2024-05-31,21405,21642,21255,21288,109.39,
2024-06-03,21293,21698,21130,21655,132.73,
2024-06-04,21654,21666,21284,21327,106.91,
2024-06-05,21293,21493,21136,21460,144.32,
2024-06-06,21454,21961,21373,21873,161.38,
2024-06-07,21890,21933,21745,21894,149.8,
2024-06-11,21894,21970,21733,21801,143.15,
2024-06-12,21817,22062,21647,22046,169.19,
2024-06-13,22054,22473,22020,22325,157.74,
2024-06-14,22322,22513,22182,22510,168.88,
2024-06-17,22500,22555,22363,22477,164.12,
2024-06-18,22495,22812,22482,22786,175.57,
2024-06-19,22787,23291,22773,23228,165.82,
2024-06-20,23147,23380,23085,23377,133.24,
2024-06-21,23356,23400,22975,23207,115.9,
2024-06-24,23201,23215,22680,22754,88.95,
2024-06-25,22771,22850,22409,22747,89.18,
2024-06-26,22726,23004,22611,22876,100.14,
2024-06-27,22868,22937,22555,22797,99.66,
2024-06-28,22810,23115,22751,22980,108.45,
2024-07-01,22980,23168,22850,22993,107.45,
2024-07-02,23005,23014,22717,22835,102.92,
2024-07-03,22821,23187,22755,23183,100.31,
2024-07-04,23199,23625,23171,23621,112.34,
2024-07-05,23628,23697,23527,23571,107.19,
2024-07-08,23577,23994,23462,23909,122.12,
2024-07-09,23916,24092,23624,23881,109.03,
2024-07-10,23860,24012,23701,24002,108.18,
2024-07-11,24015,24405,23997,24371,121.03,
2024-07-12,24350,24449,23782,23814,100.26,
2024-07-15,23826,24185,23755,23851,99.17,
2024-07-16,23882,24183,23703,23994,106.25,
2024-07-17,23980,24086,23610,23680,126.47,
2024-07-18,23707,23733,23156,23387,104.27,
2024-07-19,23512,23593,22851,22907,94.7,
2024-07-22,22878,23008,22184,22374,72.62,
2024-07-23,22398,22871,22365,22835,90.45,
2024-07-26,22827,22865,21918,22096,92.89,
2024-07-29,22081,22518,22076,22256,93.19,-1645.0
2024-07-30,22248,22298,21809,22252,88.33,-1165.0
2024-07-31,22248,22348,21785,22284,96.95,3114.0
2024-08-01,22352,22728,22342,22660,101.34,4726.0
2024-08-02,22585,22637,21508,21526,72.95,-4597.0
2024-08-05,21488,21524,19374,19374,58.7,1712.0
2024-08-06,19374,20792,18827,20455,70.26,6489.0
2024-08-07,20341,21336,19955,21142,88.1,14074.0
2024-08-08,21060,21434,20551,20698,79.68,2687.0
2024-08-09,20826,21592,20565,21483,92.48,13211.0
2024-08-12,21505,21893,21334,21676,101.9,11034.0
2024-08-13,21646,21924,21561,21771,108.78,11052.0
2024-08-14,21800,22158,21694,21996,98.83,19845.0
2024-08-15,22013,22210,21732,21840,104.49,17463.0
2024-08-16,21840,22445,21757,22365,117.77,13584.0
2024-08-19,22360,22522,22168,22361,120.25,9935.0
2024-08-20,22336,22579,22222,22435,114.6,8039.0
2024-08-21,22441,22496,22152,22200,117.46,-6974.0
2024-08-22,22205,22300,22015,22100,106.42,-9607.0
2024-08-23,22148,22299,21766,22123,101.13,-14866.0
2024-08-26,22119,22450,22075,22210,104.25,-17272.0
2024-08-27,22196,22312,21993,22152,102.7,-21668.0
2024-08-28,22160,22411,22049,22405,111.14,-14924.0
2024-08-29,22422,22553,21885,22167,91.43,-14106.0
2024-08-30,22200,22476,22194,22318,97.96,-10137.0
2024-09-02,22322,22447,22095,22212,90.29,-19207.0
2024-09-03,22210,22313,22008,22051,86.93,-22388.0
2024-09-04,22080,22150,20827,20940,90.96,-22580.0
2024-09-05,20957,21453,20916,21183,96.04,-18783.0
2024-09-06,21164,21471,21013,21316,105.88,-14879.0
2024-09-09,21303,21530,20549,21083,97.11,-14621.0
2024-09-10,21108,21350,20906,21005,96.84,-18339.0
2024-09-11,21009,21184,20818,21006,106.77,-16411.0
2024-09-12,21066,21780,20880,21703,116.86,-4179.0
2024-09-13,21703,21894,21579,21815,113.66,-6839.0
2024-09-16,21790,21892,21736,21815,110.61,-8584.0
2024-09-18,21800,21873,21559,21617,99.09,-3537.0
2024-09-19,21717,22080,21605,22075,123.84,6236.0
2024-09-20,22102,22434,22084,22216,124.43,1942.0
2024-09-23,22225,22392,22099,22338,119.21,3665.0
2024-09-24,22303,22508,22151,22493,131.46,6152.0
2024-09-25,22550,22901,22504,22792,121.62,3499.0
2024-09-26,22765,23078,22747,22957,108.66,1647.0
2024-09-27,23004,23395,22877,22892,98.84,-4239.0
2024-09-30,22868,22983,22314,22326,78.13,-13272.0
2024-10-01,22333,22463,22006,22391,79.25,-9650.0
2024-10-04,22404,22506,21888,22288,104.34,-7931.0
2024-10-07,22320,22807,22236,22767,111.8,-1797.0
2024-10-08,22750,22767,22394,22578,101.98,-7323.0
2024-10-09,22598,22886,22545,22699,112.0,-3241.0
2024-10-11,22662,23048,22573,22911,117.3,1983.0
2024-10-14,22910,23077,22816,23005,120.36,2876.0
2024-10-15,23048,23385,23016,23228,134.57,6064.0
2024-10-16,23214,23262,22808,22986,92.25,-4162.0
2024-10-17,23053,23276,23003,23256,91.28,-2528.0
2024-10-18,23488,23988,23450,23657,96.55,-6825.0
2024-10-21,23685,23883,23568,23574,88.08,-10758.0
2024-10-22,23559,23688,23332,23621,83.84,-9769.0
2024-10-23,23600,23667,23337,23409,77.28,-14948.0
2024-10-24,23400,23465,23133,23290,69.37,-13894.0
2024-10-25,23290,23485,23206,23476,78.19,-7685.0
2024-10-28,23464,23709,23213,23322,72.03,-14585.0
2024-10-29,23337,23386,22691,22979,65.26,-17414.0
2024-10-30,23020,23143,22845,22901,73.77,-17201.0
2024-11-01,22931,22996,22233,22767,74.5,-16314.0
2024-11-04,22756,23045,22692,23036,88.96,-12071.0
2024-11-05,23040,23300,22780,23137,93.68,-12037.0
2024-11-06,23145,23447,23047,23319,96.31,-10639.0
2024-11-07,23374,23577,22937,23525,110.41,-3704.0
2024-11-08,23553,23796,23477,23774,116.83,1438.0
2024-11-11,23768,23840,23310,23572,97.59,-5453.0
2024-11-12,23534,23570,22864,22875,83.1,-11781.0
2024-11-13,22875,23015,22570,22786,83.41,-9454.0
2024-11-14,22820,23077,22578,22692,78.39,-12480.0
2024-11-15,22650,22930,22592,22762,86.32,-8186.0
2024-11-18,22732,22831,22471,22573,84.71,-11781.0
2024-11-19,22591,22975,22339,22848,102.95,-1733.0
2024-11-20,22872,22955,22653,22686,94.28,-11490.0
2024-11-21,22801,22823,22496,22575,85.47,-15280.0
2024-11-22,22585,23067,22393,23032,108.67,1159.0
2024-11-25,23063,23285,22975,23062,101.74,-4366.0
2024-11-26,23030,23032,22612,22634,85.37,-14780.0
2024-11-27,22635,22761,22341,22352,76.99,-20529.0
2024-11-28,22392,22467,22049,22330,76.82,-16158.0
2024-11-29,22333,22438,22003,22307,77.97,-15430.0
2024-12-02,22300,22826,22160,22822,106.64,-4010.0
2024-12-03,22830,23181,22803,23111,113.75,-542.0
2024-12-04,23086,23295,22936,23286,93.24,3943.0
2024-12-05,23270,23365,23185,23252,101.88,2252.0
2024-12-06,23268,23454,23135,23180,100.24,298.0
2024-12-09,23209,23328,23170,23250,99.86,-322.0
2024-12-10,23235,23477,23026,23078,90.18,-4319.0
2024-12-11,23088,23144,22824,22847,93.14,-6528.0
2024-12-12,22870,23211,22800,23107,97.41,-350.0
2024-12-13,23100,23141,22850,22984,91.31,-3257.0
2024-12-16,23016,23269,22933,22966,86.82,-2499.0
2024-12-17,22989,23214,22962,23030,93.83,-418.0
2024-12-18,23020,23200,22837,23105,78.06,-5411.0
2024-12-19,23191,23386,22602,22852,80.86,-7680.0
2024-12-20,22850,22972,22589,22631,75.32,-16027.0
2024-12-23,22671,23243,22520,23233,111.13,-733.0
2024-12-24,23252,23450,23145,23201,98.84,-4333.0
2024-12-25,23228,23377,23206,23326,95.84,-95.0
2024-12-26,23327,23420,23275,23326,91.44,-4268.0
2024-12-27,23306,23376,23152,23372,102.17,-1764.0
2024-12-30,23383,23395,23090,23171,93.32,-6237.0
2024-12-31,23160,23195,22921,23044,85.85,-14846.0
2025-01-02,23025,23167,22690,22843,81.72,-24251.0
2025-01-03,22850,23106,22731,22977,86.66,-12457.0
2025-01-06,22972,23620,22939,23606,113.16,7112.0
2025-01-07,23646,23993,23617,23742,108.76,3591.0
2025-01-08,23754,23894,23440,23449,90.9,-8289.0
2025-01-09,23411,23486,23083,23099,79.54,-20207.0
2025-01-10,23083,23196,22956,23058,78.06,-22331.0
2025-01-13,23029,23175,22431,22540,68.72,-32005.0
2025-01-14,22546,22767,22316,22754,74.35,-24466.0
2025-01-15,22740,22821,22493,22519,85.18,-24385.0
2025-01-16,22525,23217,22512,23035,97.06,-16124.0
2025-01-17,23247,23529,22956,23188,96.1,-16807.0
2025-01-20,23213,23416,23192,23343,102.89,-12137.0
2025-01-21,23338,23439,23171,23361,102.44,-14152.0
2025-01-22,23351,23720,23326,23689,103.41,-10862.0
2025-02-03,23661,23842,22550,22596,95.25,-29369.0
2025-02-04,22605,22947,22590,22825,85.92,-24557.0
2025-02-05,22835,23282,22833,23137,106.36,-16786.0
2025-02-06,23135,23378,23050,23295,107.66,-16229.0
2025-02-07,23292,23465,23241,23428,114.77,-11984.0
2025-02-10,23431,23526,23168,23236,101.17,-18317.0
2025-02-11,23246,23503,23233,23334,102.84,-17013.0
2025-02-12,23333,23536,23214,23311,101.45,-15411.0
2025-02-13,23333,23455,23150,23401,106.34,-19131.0
2025-02-14,23395,23400,23116,23180,92.12,-33449.0
2025-02-17,23163,23539,23065,23506,105.51,-11986.0
2025-02-18,23531,23664,23463,23645,117.47,-8992.0
2025-02-19,23670,23703,23513,23607,110.97,5143.0
2025-02-20,23628,23678,23372,23536,107.55,-184.0
2025-02-21,23538,23759,23468,23743,113.42,9790.0
2025-02-24,23767,23783,23421,23556,102.59,746.0
2025-02-25,23543,23594,23138,23295,86.77,-10907.0
2025-02-26,23253,23420,23050,23417,96.17,-3330.0
2025-02-27,23432,23590,23127,23189,83.58,-10826.0
2025-03-03,23205,23309,22602,22724,74.06,-25492.0
2025-03-04,22732,22758,22109,22588,85.3,-19215.0
2025-03-05,22595,22926,22339,22892,96.9,-8967.0
2025-03-06,22899,23030,22705,22762,89.42,-17407.0
2025-03-07,22759,22808,22406,22523,84.87,-22726.0
2025-03-10,22456,22629,22242,22446,81.61,-24737.0
2025-03-11,22440,22484,21661,22027,78.57,-28177.0
2025-03-12,22053,22345,21835,22234,92.25,-17802.0
2025-03-13,22188,22475,21917,21923,82.87,-21610.0
2025-03-14,21905,22131,21857,21962,82.79,-20862.0
2025-03-17,21962,22312,21925,22155,88.11,-13748.0
2025-03-18,22135,22438,22098,22227,95.54,-15231.0
2025-03-19,22262,22335,21945,21963,76.99,-23774.0
2025-03-20,22019,22418,21970,22365,96.45,-10103.0
2025-03-21,22368,22382,22168,22181,85.78,-19011.0
2025-03-24,22202,22398,22017,22151,78.37,-20691.0
2025-03-25,22171,22444,22161,22301,87.77,-13222.0
2025-03-26,22311,22428,22250,22304,89.13,-13895.0
2025-03-27,22303,22315,21891,21971,81.1,-30255.0
2025-03-28,21956,21986,21484,21599,72.44,-38454.0
2025-03-31,21577,21644,20724,20764,65.65,-35846.0
2025-04-01,20807,21271,20688,21187,80.29,-19761.0
2025-04-02,21227,21389,21060,21296,75.9,-15792.0
2025-04-07,21302,21668,19167,19167,66.8,-13529.0
2025-04-08,17693,19287,17567,18169,56.47,-16554.0
2025-04-09,18248,18847,17138,17184,54.54,-28485.0
2025-04-10,17340,18902,17015,18902,64.48,-7103.0
2025-04-11,19670,19747,18384,19543,74.0,-3798.0
2025-04-14,19543,19981,19178,19497,83.99,-9745.0
2025-04-15,19538,19833,19346,19794,93.17,4356.0
2025-04-16,19808,19909,19427,19549,74.51,-12681.0
2025-04-17,19367,19447,19002,19367,71.83,-7271.0
2025-04-18,19513,19583,19253,19334,71.91,-8183.0
2025-04-21,19347,19402,19028,19099,68.38,-14082.0
2025-04-22,19093,19142,18752,18803,66.73,-18682.0
2025-04-23,18877,19596,18809,19558,65.04,5332.0
2025-04-24,19568,19775,19414,19460,61.59,-2868.0
2025-04-25,19445,20008,19354,19873,77.99,9999.0
2025-04-28,19897,20071,19752,19965,81.1,6641.0
2025-04-29,20000,20206,19825,20155,87.54,9508.0
2025-04-30,20165,20266,20061,20154,77.42,8780.0
2025-05-02,20180,20710,19923,20682,99.38,18602.0
2025-05-05,20650,20900,20207,20423,85.75,-1723.0
2025-05-06,20419,20483,20139,20345,90.3,-1228.0
2025-05-07,20331,20558,20158,20377,78.37,1013.0
2025-05-08,20388,20695,20251,20578,84.08,7395.0
2025-05-09,20564,20872,20505,20845,90.97,12639.0
2025-05-12,20863,21135,20728,21073,102.1,10381.0
2025-05-13,21068,21518,21067,21355,113.84,11697.0
2025-05-14,21353,21787,21314,21772,117.98,19748.0
2025-05-15,21800,21889,21676,21695,116.85,16245.0
2025-05-16,21698,21877,21630,21823,121.83,17765.0
2025-05-19,21806,21931,21498,21538,107.76,4895.0
2025-05-20,21522,21786,21475,21543,106.59,5195.0
2025-05-21,21534,21852,21492,21849,114.28,10595.0
2025-05-22,21665,21727,21391,21499,100.04,3906.0
2025-05-23,21506,21640,21332,21466,98.0,3812.0
2025-05-26,21450,21562,21072,21381,92.85,-450.0
2025-05-27,21400,21438,21132,21221,82.38,-6973.0
2025-05-28,21232,21512,21150,21250,95.96,-6619.0
2025-05-29,21251,21615,21191,21317,91.67,-7686.0
2025-06-02,21290,21292,20790,20870,76.68,-19688.0
2025-06-03,20880,21220,20830,20974,85.76,-5283.0
2025-06-04,21025,21535,20975,21479,108.0,11877.0
2025-06-05,21499,21678,21454,21554,104.6,9667.0
2025-06-06,21555,21752,21501,21566,101.85,7421.0
2025-06-09,21579,21788,21534,21719,105.62,8453.0
2025-06-10,21742,22237,21720,22116,133.72,16448.0
2025-06-11,22129,22356,22096,22344,119.07,17076.0
2025-06-12,22355,22491,22215,22253,103.51,11898.0
2025-06-13,22235,22349,21893,21940,95.44,316.0
2025-06-16,21961,22146,21868,22032,94.45,1281.0
2025-06-17,22057,22277,22036,22163,100.87,855.0
2025-06-18,22150,22385,22028,22308,105.65,5131.0
2025-06-19,21957,21987,21676,21703,90.33,-5675.0
2025-06-20,21680,21742,21468,21650,88.62,-2628.0
2025-06-23,21650,21788,21206,21472,84.32,-7516.0
2025-06-24,21481,21964,21350,21959,112.48,6119.0
2025-06-25,22000,22168,21928,22163,103.56,4416.0
2025-06-26,22146,22264,22078,22115,99.41,3577.0
2025-06-27,22121,22220,21988,22122,96.53,-102.0
2025-06-30,22098,22257,22037,22144,98.92,5689.0
2025-07-01,22133,22592,22012,22352,107.62,14590.0
2025-07-02,22352,22409,22208,22393,114.18,15322.0
2025-07-03,22387,22716,22281,22680,128.97,25116.0
2025-07-04,22710,22875,22431,22436,116.24,8967.0
2025-07-07,22423,22505,22246,22328,100.73,8174.0
2025-07-08,22313,22427,22142,22258,97.69,4137.0
2025-07-09,22275,22472,22146,22434,127.42,9603.0
2025-07-10,22440,22647,22365,22607,131.57,17441.0
2025-07-11,22620,22772,22487,22767,131.7,23147.0
2025-07-14,22741,22753,22520,22547,114.13,13850.0
2025-07-15,22528,22882,22461,22804,130.78,25273.0
2025-07-16,22830,23118,22811,23048,98.92,16414.0
2025-07-17,22888,23150,22811,23137,101.34,17254.0
2025-07-18,23319,23414,23230,23260,97.62,12467.0
2025-07-21,23277,23323,23173,23220,90.95,11905.0
2025-07-22,23257,23407,22978,22996,75.79,5080.0
2025-07-23,23012,23259,22862,23184,101.35,11431.0
2025-07-24,23197,23405,23153,23303,99.81,10239.0
2025-07-25,23298,23328,23190,23237,90.98,5818.0
2025-07-28,23238,23483,23190,23385,97.2,9937.0
2025-07-29,23400,23402,23027,23151,88.35,2466.0
2025-07-30,23183,23420,23132,23359,105.34,16977.0
2025-07-31,23364,23620,23222,23584,108.89,22181.0
2025-08-01,23594,23683,23021,23345,95.32,3961.0
2025-08-04,23290,23322,22980,23272,94.49,5596.0
2025-08-05,23279,23583,23266,23577,116.64,19212.0
2025-08-06,23598,23621,23376,23417,106.78,10804.0
2025-08-07,23413,24054,23292,23997,131.48,30569.0
2025-08-08,24006,24132,23930,23953,115.34,24914.0
2025-08-11,23928,24222,23833,24148,118.02,26168.0
2025-08-12,24165,24240,24071,24142,118.42,25858.0
2025-08-13,24168,24408,24133,24343,116.35,27329.0
2025-08-14,24349,24439,24207,24252,109.46,21776.0
2025-08-15,24246,24384,24187,24297,122.48,22193.0
2025-08-18,24314,24462,24138,24424,138.56,29467.0
2025-08-19,24395,24447,24313,24346,127.7,21928.0
2025-08-20,24349,24380,23630,23636,95.98,-17688.0
2025-08-21,23652,23943,23529,23852,116.98,-7254.0
2025-08-22,23870,23982,23730,23750,121.54,-5877.0
2025-08-25,23720,24313,23708,24255,150.71,10044.0
2025-08-26,24232,24282,24090,24255,135.75,3265.0
2025-08-27,24243,24496,24188,24464,137.04,12819.0
2025-08-28,24473,24488,24204,24224,111.08,-598.0
2025-08-29,24265,24453,24247,24268,132.02,-70.0
2025-09-01,24250,24285,23847,24007,103.3,-13641.0
2025-09-02,24023,24250,23880,23972,105.82,-10884.0
2025-09-03,24005,24084,23690,23997,124.44,-9363.0
2025-09-04,24014,24365,23977,24130,138.23,-1373.0
2025-09-05,24132,24428,24116,24424,147.8,11493.0
2025-09-08,24438,24675,24289,24556,163.05,12873.0
2025-09-09,24580,24838,24561,24803,177.85,20860.0
2025-09-10,24813,25244,24750,25176,167.18,27290.0
2025-09-11,25191,25475,25165,25233,135.94,24666.0
2025-09-12,25268,25465,25256,25458,153.67,28022.0
2025-09-15,25434,25450,25270,25347,140.5,20199.0
2025-09-16,25367,25663,25285,25625,163.97,25670.0
2025-09-17,25616,25650,25400,25434,131.41,6844.0
2025-09-18,25472,25745,25350,25712,146.98,13735.0
2025-09-19,25709,25888,25594,25670,125.01,3914.0
2025-09-22,25669,25940,25640,25893,144.59,9622.0
2025-09-23,25873,26326,25792,26263,165.02,10723.0
2025-09-24,26263,26544,26072,26234,137.12,-1769.0
2025-09-25,26232,26296,26088,26095,122.02,-4444.0
2025-09-26,26070,26095,25500,25660,103.73,-20262.0
2025-09-30,25652,26046,25566,25953,133.67,-11667.0
2025-10-01,25948,26375,25913,26043,139.96,-8912.0
2025-10-02,25980,26527,25918,26424,144.71,-539.0
2025-10-03,26431,26764,26365,26736,146.0,5281.0
2025-10-07,26777,27356,26632,27317,160.75,4362.0
2025-10-08,27296,27397,26909,27093,139.9,-9059.0
2025-10-09,27040,27456,27000,27338,139.67,-3455.0
2025-10-13,27352,27396,26380,26915,116.95,-14729.0
2025-10-14,26922,27450,26714,26725,108.48,-13697.0
2025-10-15,26740,27191,26500,27155,127.43,7161.0
2025-10-16,27319,27878,27230,27818,119.05,12000.0
2025-10-17,27789,27814,27241,27328,104.89,-3076.0
2025-10-20,27260,27822,27037,27780,132.47,11646.0
2025-10-21,27808,28036,27702,27831,137.77,16136.0
2025-10-22,27827,27948,27526,27708,124.12,3057.0
2025-10-23,27724,27737,27311,27556,108.12,374.0
2025-10-27,27615,28288,27495,28219,119.64,12351.0
2025-10-28,28234,28320,27984,28005,103.68,-1549.0
2025-10-29,27984,28445,27952,28414,108.62,15653.0
2025-10-30,28439,28551,28181,28399,96.3,9247.0
2025-10-31,28380,28589,28200,28430,112.61,11383.0
2025-11-03,28430,28583,28148,28341,106.93,3196.0
2025-11-04,28321,28595,28112,28119,100.13,-5470.0
2025-11-05,28103,28229,27414,27808,96.56,-17397.0
2025-11-06,27856,28158,27746,28034,115.45,-8962.0
2025-11-07,28018,28137,27596,27721,97.01,-22088.0
2025-11-10,27760,28038,27155,28016,108.55,-11524.0
2025-11-11,28002,28180,27764,27780,103.98,-20185.0
2025-11-12,27815,28078,27702,28059,117.5,-7545.0
2025-11-13,28081,28176,27802,27978,115.6,-18334.0
2025-11-14,28009,28064,27365,27404,103.66,-37122.0
2025-11-17,27389,27692,26954,27481,112.66,-20314.0
2025-11-18,27447,27574,26773,26814,89.11,-39298.0
2025-11-19,26745,27022,26536,26615,103.3,-29401.0
2025-11-20,26679,27493,26656,27484,133.06,-6208.0
2025-11-21,27505,27540,26396,26476,93.25,-42598.0
2025-11-24,26488,26801,26246,26614,91.15,-29723.0
2025-11-25,26615,27103,26455,26933,108.43,-18553.0
2025-11-26,26908,27383,26650,27339,141.68,-4549.0
2025-11-27,27352,27649,27224,27579,153.34,2009.0
2025-11-28,27567,27855,27523,27737,154.35,6063.0
2025-12-01,27740,27864,27401,27406,122.02,-12585.0
2025-12-02,27450,27789,27406,27559,125.43,-6736.0
2025-12-03,27570,27888,27570,27760,134.3,-4397.0
2025-12-04,27750,27879,27611,27798,130.4,-5553.0
2025-12-05,27828,28018,27702,28010,134.95,4436.0
2025-12-08,28025,28298,27972,28284,147.18,9381.0
2025-12-09,28281,28363,28169,28217,127.85,-1804.0
2025-12-10,28215,28435,28132,28400,142.73,8828.0
2025-12-11,28414,28699,28059,28101,106.39,-12875.0
2025-12-12,28119,28345,28093,28290,144.45,-5731.0
2025-12-15,28279,28335,27712,27910,105.86,-20536.0
2025-12-16,27898,28030,27410,27635,93.84,-33099.0
2025-12-17,27611,27796,27474,27483,107.75,-24081.0
2025-12-18,27749,27960,27348,27598,80.95,-31348.0
2025-12-19,27588,27984,27577,27897,109.97,-9349.0
2025-12-22,27888,28368,27869,28341,133.96,2466.0
2025-12-23,28351,28455,28290,28415,130.77,3823.0
2025-12-24,28407,28588,28335,28467,123.37,2907.0
2025-12-26,28468,28714,28457,28677,123.78,13194.0
2025-12-29,28663,28997,28616,28940,156.44,19292.0
2025-12-30,28938,28955,28705,28875,132.4,6974.0
2025-12-31,28866,29053,28782,29014,144.02,16867.0
2026-01-02,29011,29499,28960,29479,137.6,29912.0
2026-01-05,29500,30488,29463,30309,162.4,29005.0
2026-01-06,30350,30673,30183,30627,155.09,24119.0
2026-01-07,30628,30676,30450,30516,147.53,16145.0
2026-01-08,30509,30662,30264,30458,126.35,19235.0
2026-01-09,30430,30582,30006,30453,127.17,17927.0
2026-01-12,30468,30838,30417,30700,128.66,18173.0
2026-01-13,30725,31267,30626,30870,123.66,12284.0
2026-01-14,30873,31163,30856,30980,151.47,11881.0
2026-01-15,30952,31055,30656,31050,119.03,11621.0
2026-01-16,31195,31541,31117,31476,157.84,20386.0
2026-01-19,31486,31772,31207,31672,150.16,20889.0
2026-01-20,31645,31740,31328,31668,148.46,18281.0
2026-01-21,31561,31652,31182,31246,154.59,3687.0
2026-01-22,31510,32056,31447,31863,140.89,15070.0
2026-01-23,31844,32166,31834,32159,185.65,19475.0
2026-01-26,32181,32266,32058,32150,171.78,13165.0
2026-01-27,32131,32531,32035,32505,168.65,22071.0
2026-01-28,32530,32937,32514,32925,191.87,17744.0
2026-01-29,33000,33152,32586,32774,134.57,-2710.0
2026-01-30,32759,32797,31993,32252,157.04,-10809.0
2026-02-02,32107,32306,31392,31616,109.2,-15346.0
2026-02-03,31593,32444,31582,32284,131.55,-5712.0
2026-02-04,32293,32496,31739,32416,177.55,-1992.0
2026-02-05,32476,32612,31768,31902,128.92,-18236.0
2026-02-06,31942,32054,31222,31789,158.39,-9255.0
2026-02-09,31838,32849,31753,32650,149.5,5471.0
2026-02-10,32621,33312,32454,33303,170.78,14018.0
2026-02-11,33260,33844,33183,33686,212.79,10400.0
2026-02-23,33612,34327,33600,33839,150.22,-217.0
2026-02-24,33950,34956,33822,34837,176.41,14917.0
2026-02-25,34845,35775,34818,35489,182.17,6872.0
2026-02-26,35474,35756,35349,35611,153.95,6344.0
2026-03-02,35640,35878,34909,35080,145.98,-6891.0
2026-03-03,35005,35320,34314,34331,111.43,-27137.0
2026-03-04,33456,33666,32680,32871,133.33,-41082.0
2026-03-05,33900,34293,33394,33666,128.98,-22839.0
2026-03-06,33364,33889,33294,33703,152.18,-21811.0
2026-03-09,31731,32108,31126,31902,101.18,-33465.0
2026-03-10,33268,33330,32374,32717,112.73,-21995.0
2026-03-11,33329,34184,33276,34004,163.58,-4036.0
2026-03-12,33668,33937,33325,33512,144.16,-24646.0
2026-03-13,32654,33513,32650,33304,158.91,-19026.0
2026-03-16,33413,33725,33072,33253,140.17,-20210.0
2026-03-17,33368,34016,33104,33801,148.39,-6513.0
2026-03-18,33615,34440,33502,34263,155.05,-2183.0
2026-03-19,34566,34734,33538,33550,109.58,-35868.0
2026-03-20,33550,33886,32858,33559,145.58,-22863.0
2026-03-23,33450,33745,32215,32527,110.09,-35105.0
2026-03-24,32220,33998,32088,32781,111.3,-27627.0
2026-03-25,33021,33877,32787,33623,141.19,-18377.0
2026-03-26,33560,34025,33350,33441,128.6,-21584.0
2026-03-27,33477,33544,32634,33126,131.17,-31471.0
2026-03-30,33048,33065,32018,32480,122.29,-32600.0
2026-03-31,32630,32861,31805,31954,106.59,-43983.0
2026-04-01,31936,33410,31742,33389,142.46,-6552.0
2026-04-02,33620,33881,32496,32505,140.76,-35297.0
2026-04-07,32598,33376,32190,33177,139.18,-15331.0
2026-04-08,33223,35063,32824,35016,123.63,1464.0
2026-04-09,34996,35345,34743,34924,109.19,-14904.0
2026-04-10,34914,35578,34764,35569,141.14,9844.0
2026-04-13,35510,35747,35205,35460,140.89,8057.0
2026-04-14,35512,36430,35456,36377,165.4,19952.0
2026-04-15,36377,37071,36355,36642,149.68,1659.0
2026-04-16,37009,37666,37001,37649,135.39,2944.0
2026-04-17,37565,37566,36928,37078,131.72,-8418.0
2026-04-20,37031,37992,37031,37240,106.93,-6562.0
2026-04-21,37306,38160,37216,38048,119.15,7623.0
2026-04-22,38131,38369,37543,38216,139.67,-12775.0
2026-04-23,38248,39085,37408,37851,111.11,2436.0
2026-04-24,37930,39242,37648,39222,175.8,1907.0
2026-04-27,39258,40449,39128,39921,136.86,-7432.0
2026-04-28,39863,40346,39487,39733,120.5,6590.0
2026-04-29,39680,39855,39120,39479,171.12,-4678.0
2026-04-30,39479,39937,39169,39342,158.96,-4687.0
2026-05-04,39385,41074,39373,41056,169.91,19070.0
2026-05-05,40999,41184,40546,41034,154.64,1443.0
2026-05-06,,,,,177.59,
2026-05-07,,,,,174.13,
2026-05-08,,,,,181.36,
2026-05-11,,,,,162.33,
2026-05-12,,,,,161.65,
